Rank,Life,Name,Stars,Dependency1,Dependency2,Dependency3,Dependency4,DLC
Fledgling,Paladin,Whirling Skirmish,,,,,,
Fledgling,Paladin,Bug-B-Gone,,,,,,
Fledgling,Paladin,Expert Exterminator,,,,,,
Fledgling,Paladin,Bandit Bustin',,,,,,
Fledgling,Paladin,And Justice for Three!,,,,,,
Fledgling,Paladin,Baddest of the Bad,,,,,,
Fledgling,Paladin,Ten Apples a Day,,,,,,
Apprentice,Paladin,Shockingly Effective!,,,,,,
Apprentice,Paladin,Play Ball!,,,,,,
Apprentice,Paladin,Big-Time Ballers,,,,,,
Apprentice,Paladin,Slither Thither,,,,,,
Apprentice,Paladin,Serpentagram,,,,,,
Apprentice,Paladin,Mount Snakepeak,,,,,,
Apprentice,Paladin,Piece of Snake,,,,,,
Apprentice,Paladin,Cattersplat!,,,,,,
Apprentice,Paladin,Cave Cleaner,,,,,,
Apprentice,Paladin,Monkeying Around,,,,,,
Apprentice,Paladin,Ape Scrape,,,,,,
Apprentice,Paladin,Doshing through the Snow,,,,,,
Apprentice,Paladin,Iron Will,,,,,,
Apprentice,Paladin,Garden of Eatin',,,,,,
Adept,Paladin,Lava Bravo,,,,,,
Adept,Paladin,Flamebringer,,,,,,
Adept,Paladin,Zombie Zlap,,,,,,
Adept,Paladin,A Wave of Zombies,,,,,,
Adept,Paladin,Worm Your Way Out,,,,,,
Adept,Paladin,Worm Burner,,,,,,
Adept,Paladin,Zombie Aplomb,,,,,,
Adept,Paladin,Hot Rocks,,,,,,
Adept,Paladin,Salt of the Earth,,,,,,
Adept,Paladin,Axe Attack,,,,,,
Adept,Paladin,Nightmare!,,,,,,
Adept,Paladin,Orange you Glad?,,,,,,
Expert,Paladin,Tornado Warning,,,,,,
Expert,Paladin,Shining Blade,,,,,,
Expert,Paladin,"Ooh, Shiny!",,,,,,
Expert,Paladin,All That Glitters,,,,,,
Expert,Paladin,Bone to Pick,,,,,,
Expert,Paladin,Skull Crusher,,,,,,
Expert,Paladin,Wanted Man,,,,,,
Expert,Paladin,Sand Sheriff,,,,,,
Expert,Paladin,Gorilla Thrilla,,,,,,
Expert,Paladin,Gorilla Warfare,,,,,,
Expert,Paladin,Fairy Challenging,,,,,,
Expert,Paladin,Fairy-Tale Ending,,,,,,
Expert,Paladin,Star Maker,,,,,,
Expert,Paladin,Star Power,,,,,,
Expert,Paladin,Outlaw In,,,,,,
Expert,Paladin,Golem Gold,,,,,,
Expert,Paladin,The Serpent King,,,,,,
Expert,Paladin,Pearfect Pears,,,,,,
Master,Paladin,Bright Idea,,,,,,
Master,Paladin,Demonic Disaster,,,,,,
Master,Paladin,Bat-a-Tat-Tat,,,,,,
Master,Paladin,Lights Out,,,,,,
Master,Paladin,Sandy Bandages,,,,,,
Master,Paladin,That's a Wrap!,,,,,,
Master,Paladin,Banana Belt,,,,,,
Master,Paladin,Banana Beast,,,,,,
Master,Paladin,Debut Dragonslayer,,,,,,
Master,Paladin,Dinky Domination,,,,,,
Master,Paladin,Starting Small,,,,,,
Master,Paladin,Break A Few Eggs,,,,,,
Master,Paladin,Heavy Metal,,,,,,
Master,Paladin,Snake Harmer,,,,,,
Master,Paladin,Golden Opportunity,,,,,,
Master,Paladin,Silver Dragonslayer,,,,,,
Master,Paladin,Golden Glory,,,,,,
Master,Paladin,Just Peachy,,,,,,
Hero,Paladin,Defender Of Light,,,,,,
Hero,Paladin,The Dragon King,,,,,,
Creator,Paladin,Whisker Whacker,,,,,,DLC
Creator,Paladin,Stone Cutter,,,,,,DLC
Creator,Paladin,Rock Steady,,,,,,DLC
Creator,Paladin,Whirlwind Taur,,,,,,DLC
Creator,Paladin,Marine Master,,,,,,DLC
Creator,Paladin,Divine Dragon King,,,,,,DLC
Fledgling,Mercenary,Full Power!,,,,,,
Fledgling,Mercenary,A Monster... Carrot?,,,,,,
Fledgling,Mercenary,Slicin' and Dicin'!,,,,,,
Fledgling,Mercenary,Carrot King,,,,,,
Fledgling,Mercenary,Masked Menace,,,,,,
Fledgling,Mercenary,Back to your Roots,,,,,,
Apprentice,Mercenary,Shocking Strength!,,,,,,
Apprentice,Mercenary,Cut 'em Down!,,,,,,
Apprentice,Mercenary,Ginger Greetings,,,,,,
Apprentice,Mercenary,Ginger Slicer,,,,,,
Apprentice,Mercenary,The Giger Guru,,,,,,
Apprentice,Mercenary,Simply Radishing,,,,,,
Apprentice,Mercenary,Totally Rad...ish,,,,,,
Apprentice,Mercenary,Eradishcation,,,,,,
Apprentice,Mercenary,Tortortoise Trouble,,,,,,
Apprentice,Mercenary,Tortortoise Trauma,,,,,,
Apprentice,Mercenary,Tortortoise Tormentor,,,,,,
Apprentice,Mercenary,Crocodile Capers,,,,,,
Apprentice,Mercenary,Croc Killer,,,,,,
Apprentice,Mercenary,Crocodile Champ,,,,,,
Apprentice,Mercenary,Savage Salad,,,,,,
Apprentice,Mercenary,Un-bear-able,,,,,,
Adept,Mercenary,Hurricane Hero!,,,,,,
Adept,Mercenary,Turtortle Trails,,,,,,
Adept,Mercenary,Turtortle Tour,,,,,,
Adept,Mercenary,"Turtortle, or not Turtortle?",,,,,,
Adept,Mercenary,Angry Alligators,,,,,,
Adept,Mercenary,"See Ya Later, Alligator!",,,,,,
Adept,Mercenary,Eradigator,,,,,,
Adept,Mercenary,"In a While, Crocodile!",,,,,,
Adept,Mercenary,Crocodiles? Turtle? ...Crocturtle?!,,,,,,
Adept,Mercenary,Attack of the Turtle Tian!,,,,,,
Adept,Mercenary,The Silverfang,,,,,,
Adept,Mercenary,B-B-B-Behemoth!,,,,,,
Expert,Mercenary,Heavy Metal,,,,,,
Expert,Mercenary,Shocktastic!,,,,,,
Expert,Mercenary,Bladestorm,,,,,,
Expert,Mercenary,A Spiky Situation,,,,,,
Expert,Mercenary,A Prickly Pest,,,,,,
Expert,Mercenary,Thorn in my Side,,,,,,
Expert,Mercenary,A Tale of Two Thorns,,,,,,
Expert,Mercenary,A Course Encounter,,,,,,
Expert,Mercenary,The Pacifier,,,,,,
Expert,Mercenary,Grin and Bear It,,,,,,
Expert,Mercenary,Shadows in the Sand,,,,,,
Master,Mercenary,Eruption!,,,,,,
Master,Mercenary,"Copycat, Copycat...",,,,,,
Master,Mercenary,Déjà vu,,,,,,
Master,Mercenary,Master of Mimicry,,,,,,
Master,Mercenary,What's in the Box?,,,,,,
Master,Mercenary,Box Breaker,,,,,,
Master,Mercenary,The Boxer,,,,,,
Master,Mercenary,Mantis-y Life,,,,,,
Master,Mercenary,Preying on the Mantis,,,,,,
Master,Mercenary,Matins Mania,,,,,,
Master,Mercenary,The Hunter Becomes the Hunted,,,,,,
Master,Mercenary,Beware the Killer Cacto,,,,,,
Master,Mercenary,Look Sharp!,,,,,,
Master,Mercenary,Cactus if you Can,,,,,,
Master,Mercenary,Bamboo-zled,,,,,,
Master,Mercenary,Panda to the Crowd,,,,,,
Master,Mercenary,Rampant Pandalism,,,,,,
Master,Mercenary,Death's Envoy,,,,,,
Master,Mercenary,Defeat the Chimera!,,,,,,
Master,Mercenary,Hero of the Skies,,,,,,
Master,Mercenary,The Beast Within,,,,,,
Hero,Mercenary,Dino Hunter,,,,,,
Hero,Mercenary,Shark in the Dark,,,,,,
Creator,Mercenary,The Roots of Life,,,,,,DLC
Creator,Mercenary,Toxic Waters,,,,,,DLC
Creator,Mercenary,Spirit of the Sands,,,,,,DLC
Creator,Mercenary,Shells of Steel,,,,,,DLC
Creator,Mercenary,The Walking Fortress,,,,,,DLC
Creator,Mercenary,The Demonic Beast,,,,,,DLC
Fledgling,Hunter,Shoot that Piercing Arrow,,,,,,
Fledgling,Hunter,First Woolie,,,,,,
Fledgling,Hunter,Hunting for Woolies,,,,,,
Fledgling,Hunter,First Bee,,,,,,
Fledgling,Hunter,Shooting Down Bees,,,,,,
Fledgling,Hunter,First Road Runner,,,,,,
Fledgling,Hunter,Haunting Road Runners,,,,,,
Fledgling,Hunter,First Wolf,,,,,,
Fledgling,Hunter,Wolf Takedown,,,,,,
Fledgling,Hunter,First Coyote,,,,,,
Fledgling,Hunter,Chase Down Coyotes,,,,,,
Fledgling,Hunter,Sweet Reward,,,,,,
Apprentice,Hunter,Scattershot Skills,,,,,,
Apprentice,Hunter,First Black Woolie,,,,,,
Apprentice,Hunter,Stalking Black Woolies,,,,,,
Apprentice,Hunter,First Buffalo,,,,,,
Apprentice,Hunter,Big Catch of Buffalo,,,,,,
Apprentice,Hunter,First Cave Bat,,,,,,
Apprentice,Hunter,Bringing Down the Bats,,,,,,
Apprentice,Hunter,Stalk a Hootwink,,,,,,
Apprentice,Hunter,Hootwink Hunt,,,,,,
Apprentice,Hunter,First Bull,,,,,,
Apprentice,Hunter,Bow Hunt for Bulls,,,,,,
Apprentice,Hunter,Attack of the Killer Bunny,,,,,,
Apprentice,Hunter,First Black Panther,,,,,,
Adept,Hunter,First Cashmeer,,,,,,
Adept,Hunter,A Trio of Cashmeer,,,,,,
Adept,Hunter,First Panther,,,,,,
Adept,Hunter,Panther Pursuit,,,,,,
Adept,Hunter,First Jackal,,,,,,
Adept,Hunter,Jumping Jackals,,,,,,
Adept,Hunter,First Dark Bat,,,,,,
Adept,Hunter,Prowling for Bats,,,,,,
Adept,Hunter,First Snow Runner,,,,,,
Adept,Hunter,Trudging for Runners,,,,,,
Adept,Hunter,First Snowflake Bunny,,,,,,
Adept,Hunter,Bring Down the Bunnies,,,,,,
Adept,Hunter,First Taurus,,,,,,
Adept,Hunter,The Horned Menace,,,,,,
Adept,Hunter,The Biggest of Beaks,,,,,,
Adept,Hunter,Honey from On High,,,,,,
Expert,Hunter,Dancing Arrows,,,,,,
Expert,Hunter,First Hootlum,,,,,,
Expert,Hunter,Hootlum Havoc,,,,,,
Expert,Hunter,First Pterodactyl,,,,,,
Expert,Hunter,Ptero Times Five,,,,,,
Expert,Hunter,First Snow Leopard,,,,,,
Expert,Hunter,Spotting the Leopards,,,,,,
Expert,Hunter,First Glaciowl,,,,,,
Expert,Hunter,Cracking the Glaciowls,,,,,,
Expert,Hunter,First Sand Runner,,,,,,
Expert,Hunter,Sand Runner Safari,,,,,,
Expert,Hunter,First Silverwing,,,,,,
Expert,Hunter,Silver Showdown,,,,,,
Expert,Hunter,Sting Before Stung,,,,,,
Expert,Hunter,The Night Watch,,,,,,
Expert,Hunter,Survive a Blizzard,,,,,,
Expert,Hunter,The Sweet Life,,,,,,
Master,Hunter,Stormcaller,,,,,,
Master,Hunter,First Nightmare Bat,,,,,,
Master,Hunter,Stopping the Nightmares,,,,,,
Master,Hunter,Staking the Bats,,,,,,
Master,Hunter,Bloodthirsty Work,,,,,,
Master,Hunter,First Mothoon,,,,,,
Master,Hunter,Multitude of Mothoons,,,,,,
Master,Hunter,First Flame Moth,,,,,,
Master,Hunter,Flame Moth Frenzy,,,,,,
Master,Hunter,First Bunny Killer,,,,,,
Master,Hunter,Island Protector,,,,,,
Master,Hunter,Fall of the Queen,,,,,,
Master,Hunter,Thunderflap,,,,,,
Hero,Hunter,Howling in the Shadows,,,,,,
Hero,Hunter,Howling in the Depths,,,,,,
Hero,Hunter,Wings of Darkness,,,,,,
Creator,Hunter,Nectar of the Gods,,,,,,DLC
Creator,Hunter,Horn of the Gods,,,,,,DLC
Creator,Hunter,The Undying Predator,,,,,,DLC
Creator,Hunter,Penguin Prince,,,,,,DLC
Creator,Hunter,Penguin Princess,,,,,,DLC
Creator,Hunter,The Divine Bird,,,,,,DLC
Fledgling,Magician,Fire Power,,,,,,
Fledgling,Magician,Water Power,,,,,,
Fledgling,Magician,Wind Power,,,,,,
Fledgling,Magician,Weed Killer,,,,,,
Fledgling,Magician,Weed Out the Weedlings,,,,,,
Fledgling,Magician,Cobalt-Hearted Killer,,,,,,
Fledgling,Magician,Cobalt Conquest,,,,,,
Fledgling,Magician,The Skullblob Job,,,,,,
Fledgling,Magician,Spooky Specter,,,,,,
Apprentice,Magician,Master of Fire,,,,,,
Apprentice,Magician,Master of Ice,,,,,,
Apprentice,Magician,Master of Wind,,,,,,
Apprentice,Magician,Froggy Fields Forever,,,,,,
Apprentice,Magician,Ferocious Frog Fight,,,,,,
Apprentice,Magician,Ribbit Gambit,,,,,,
Apprentice,Magician,Final Croak,,,,,,
Apprentice,Magician,Malignant Mushface,,,,,,
Apprentice,Magician,Mushface to Face,,,,,,
Apprentice,Magician,Quelling the Jelly,,,,,,
Apprentice,Magician,Mountain Jelly Melee,,,,,,
Apprentice,Magician,TIMMMBERRR!,,,,,,
Apprentice,Magician,Timber Tinder Takedown,,,,,,
Apprentice,Magician,Earthly Encounter,,,,,,
Apprentice,Magician,Earth Wraith Wrecker,,,,,,
Adept,Magician,Lava Drama,,,,,,
Adept,Magician,Ashes to Ashes,,,,,,
Adept,Magician,Fire-Breathing Fungus,,,,,,
Adept,Magician,Mushflame Massacre,,,,,,
Adept,Magician,Felling the Jelly,,,,,,
Adept,Magician,Jelly Warfare,,,,,,
Adept,Magician,Beat to the Punch,,,,,,
Adept,Magician,Pummeling Palms,,,,,,
Adept,Magician,Beat the Heat,,,,,,
Adept,Magician,Wind Chagrin,,,,,,
Adept,Magician,Ghost of a Chance,,,,,,
Adept,Magician,Snowpeak Spooky,,,,,,
Adept,Magician,Gust of Ghoul,,,,,,
Adept,Magician,Blaze of Glory,,,,,,
Expert,Magician,Playing with Fire,,,,,,
Expert,Magician,Blizzard Wizzard,,,,,,
Expert,Magician,Here Comes the Thunder,,,,,,
Expert,Magician,Shrub Shredder,,,,,,
Expert,Magician,Weedling Whacker,,,,,,
Expert,Magician,Bramble Scramble,,,,,,
Expert,Magician,Bramble Rumble,,,,,,
Expert,Magician,Deepsea Hostilities,,,,,,
Expert,Magician,Deadly Depths,,,,,,
Expert,Magician,Toxic Threat,,,,,,
Expert,Magician,Poison Cubed,,,,,,
Expert,Magician,In Deep Water,,,,,,
Expert,Magician,Shadow Showdown,,,,,,
Expert,Magician,King of the Deep,,,,,,
Expert,Magician,Wraith Wrath,,,,,,
Expert,Magician,Forest Foe,,,,,,
Master,Magician,Seeing Stars,,,,,,
Master,Magician,Isle Get You!,,,,,,
Master,Magician,Pedal to the Metal,,,,,,
Master,Magician,Deep Frog Driving,,,,,,
Master,Magician,Croaking Red,,,,,,
Master,Magician,Sandslime,,,,,,
Master,Magician,Dust to Dust,,,,,,
Master,Magician,Terror of the Sky,,,,,,
Master,Magician,Reign of Terror,,,,,,
Master,Magician,Light's Out,,,,,,
Master,Magician,Your Fate Is Sealed,,,,,,
Master,Magician,Frightening Lightning,,,,,,
Hero,Magician,Calamity Pain,,,,,,
Creator,Magician,Island Rainbow,,,,,,DLC
Creator,Magician,Whisper in the Dark,,,,,,DLC
Creator,Magician,Wisper of the Wind,,,,,,DLC
Creator,Magician,Wispering Flames,,,,,,DLC
Creator,Magician,Wisper on the Water,,,,,,DLC
Creator,Magician,Rainbow over an Ancient Isle,,,,,,DLC
Fledgling,Miner,Miner SMAAAAASH!,,,,,,
Fledgling,Miner,Castele,,,,,,
Fledgling,Miner,Don't Stop Minin'!,,,,,,
Fledgling,Miner,Topaz Trouble,,,,,,
Fledgling,Miner,Haniwa Shuffle,,,,,,
Fledgling,Miner,Mellow Yellow,,,,,,
Fledgling,Miner,Rock Hard Lemon,,,,,,
Fledgling,Miner,An After Mining Mint,,,,,,
Fledgling,Miner,Rocky Path,,,,,,
Apprentice,Miner,Ore Breaker,,,,,,
Apprentice,Miner,Plains Iron,,,,,,
Apprentice,Miner,Ironing Things Out,,,,,,
Apprentice,Miner,Don't Forget to Be Ore-Some,,,,,,
Apprentice,Miner,H2Awesome!,,,,,,
Apprentice,Miner,Feeling a Little Blue,,,,,,
Apprentice,Miner,Out of the Blue,,,,,,
Apprentice,Miner,Refreshingly Though!,,,,,,
Apprentice,Miner,Pebbles in the Wind,,,,,,
Apprentice,Miner,"Ho, Ho! A Miner's Life for Me!",,,,,,
Adept,Miner,Port Puerto,,,,,,
Adept,Miner,Slip Me Some Silver,,,,,,
Adept,Miner,Ocean Ore,,,,,,
Adept,Miner,Ocean's Bounty,,,,,,
Adept,Miner,"Is it Hot Here, Ore Is It Just Me?",,,,,,
Adept,Miner,Cavern's Bounty,,,,,,
Adept,Miner,Like a Grape but NOT!,,,,,,
Adept,Miner,Pretty in... Purple?,,,,,,
Adept,Miner,Royal Ruby,,,,,,
Adept,Miner,Ruby Red,,,,,,
Adept,Miner,The Dreamstone,,,,,,
Adept,Miner,Violet Attack,,,,,,
Adept,Miner,Water Wings,,,,,,
Adept,Miner,Dragon Scab Scramble,,,,,,
Adept,Miner,Pickaxe the Pace!,,,,,,
Expert,Miner,Bust Some Ore!,,,,,,
Expert,Miner,Al Maajik Gold,,,,,,
Expert,Miner,Gleaming Gold,,,,,,
Expert,Miner,The Hip Bone's Connected to...?,,,,,,
Expert,Miner,The Bone Collector,,,,,,
Expert,Miner,Bone-a-Fide Expert!,,,,,,
Expert,Miner,Sand Rocks!,,,,,,
Expert,Miner,Mean Green,,,,,,
Expert,Miner,Green With Envy,,,,,,
Expert,Miner,Wings of Fire,,,,,,
Expert,Miner,Earthy Wings,,,,,,
Expert,Miner,Ancient History,,,,,,
Expert,Miner,300th Time's a Charm,,,,,,
Master,Miner,Push It to the Limit,,,,,,
Master,Miner,Playing with Platinum,,,,,,
Master,Miner,Take It to the Top,,,,,,
Master,Miner,Simply Enchanting!,,,,,,
Master,Miner,Arcane Minerals,,,,,,
Master,Miner,Sapphire Saver,,,,,,
Master,Miner,Bathed in Blue,,,,,,
Master,Miner,"Gather, Ye Darkness!",,,,,,
Master,Miner,I'll Get Right Onyx!,,,,,,
Master,Miner,Have a Little Heart,,,,,,
Master,Miner,Miner 4 Life,,,,,,
Hero,Miner,Celestial Ore,,,,,,
Hero,Miner,The Sky's The Limit,,,,,,
Hero,Miner,Diamond,,,,,,
Hero,Miner,You Mined HOW Much?!,,,,,,
Creator,Miner,Swinging in the Dark,,,,,,DLC
Creator,Miner,Pitch Black,,,,,,DLC
Creator,Miner,Mine It White Now!,,,,,,DLC
Creator,Miner,Blindingly Brilliant Rocks,,,,,,DLC
Creator,Miner,Who Turned Out the Lights?,,,,,,DLC
Creator,Miner,Holy Stones!,,,,,,DLC
Fledgling,Woodcutter,Chop Chop,,,,,,
Fledgling,Woodcutter,Oak's on You,,,,,,
Fledgling,Woodcutter,Strong as Oak,,,,,,
Fledgling,Woodcutter,Going for Oak,,,,,,
Fledgling,Woodcutter,Aged to Perfection,,,,,,
Fledgling,Woodcutter,Elder and Wiser,,,,,,
Apprentice,Woodcutter,Charge It,,,,,,
Apprentice,Woodcutter,A Pine Reward,,,,,,
Apprentice,Woodcutter,Pining Away,,,,,,
Apprentice,Woodcutter,Pine Pro,,,,,,
Apprentice,Woodcutter,Aged like a Fine Pine,,,,,,
Apprentice,Woodcutter,Pine Pappy,,,,,,
Apprentice,Woodcutter,Pine Solved,,,,,,
Apprentice,Woodcutter,Fifty Felled,,,,,,
Apprentice,Woodcutter,Sacred Harvest,,,,,,
Adept,Woodcutter,Palm Down,,,,,,
Adept,Woodcutter,Port Cuts,,,,,,
Adept,Woodcutter,Pile o' Palms,,,,,,
Adept,Woodcutter,Precious Palm,,,,,,
Adept,Woodcutter,Palm Trio,,,,,,
Adept,Woodcutter,Palm It Off,,,,,,
Adept,Woodcutter,Taste of Sugar,,,,,,
Adept,Woodcutter,Sap Happy,,,,,,
Adept,Woodcutter,Sweet Success,,,,,,
Adept,Woodcutter,Sugar Buzz,,,,,,
Adept,Woodcutter,Sugar Stash,,,,,,
Adept,Woodcutter,Sappy Ending,,,,,,
Adept,Woodcutter,Elderwood's Eldest,,,,,,
Expert,Woodcutter,Axcellent!,,,,,,
Expert,Woodcutter,Digging Deep,,,,,,
Expert,Woodcutter,Lumber from Down Under,,,,,,
Expert,Woodcutter,Water Logged,,,,,,
Expert,Woodcutter,Old Sand,,,,,,
Expert,Woodcutter,Cut and Dried,,,,,,
Expert,Woodcutter,Grand Sand,,,,,,
Expert,Woodcutter,Snow Easy Task,,,,,,
Expert,Woodcutter,Timbrrrr!,,,,,,
Expert,Woodcutter,Ten Fir 10,,,,,,
Expert,Woodcutter,Fir Believer,,,,,,
Expert,Woodcutter,Fir Sure,,,,,,
Expert,Woodcutter,Final Fir,,,,,,
Expert,Woodcutter,Fire Sale,,,,,,
Expert,Woodcutter,Making a Splash,,,,,,
Master,Woodcutter,Charge 'n' Chop,,,,,,
Master,Woodcutter,Meet the Mangroves,,,,,,
Master,Woodcutter,Mangrove Trove,,,,,,
Master,Woodcutter,Mangrove Madness,,,,,,
Master,Woodcutter,Old Mangrove,,,,,,
Master,Woodcutter,Mangrove Master,,,,,,
Master,Woodcutter,Manly Mangrove,,,,,,
Master,Woodcutter,Lone Star,,,,,,
Master,Woodcutter,Star Me Up,,,,,,
Master,Woodcutter,Supernova,,,,,,
Master,Woodcutter,Star Struck,,,,,,
Master,Woodcutter,Three Peat,,,,,,
Master,Woodcutter,Solar Flair,,,,,,
Master,Woodcutter,Down Wind,,,,,,
Master,Woodcutter,Terrifying Timber,,,,,,
Hero,Woodcutter,Touch the Sky,,,,,,
Hero,Woodcutter,Sky Five,,,,,,
Hero,Woodcutter,Sky's the Limit,,,,,,
Hero,Woodcutter,Sky Sage,,,,,,
Hero,Woodcutter,Wise Skies,,,,,,
Hero,Woodcutter,Clearing the Air,,,,,,
Hero,Woodcutter,Axe to the Max,,,,,,
Hero,Woodcutter,Sky Spirit,,,,,,
Creator,Woodcutter,Divine Tree Hunter,,,,,,DLC
Creator,Woodcutter,Sacred Trees,,,,,,DLC
Creator,Woodcutter,Gotta Getta Gigaga Log,,,,,,DLC
Creator,Woodcutter,Lotta Gigaga Logs,,,,,,DLC
Creator,Woodcutter,Gigatrees,,,,,,DLC
Creator,Woodcutter,The Tree to End All Trees,,,,,,DLC
Fledgling,Angler,Counter Hook!,,,,,,
Fledgling,Angler,First Batch of Fish,,,,,,
Fledgling,Angler,Crucian Expert,,,,,,
Fledgling,Angler,Your First Carp,,,,,,
Fledgling,Angler,A Haul of Carp,,,,,,
Fledgling,Angler,Your First Sweetfish,,,,,,
Fledgling,Angler,School of Sweetfish,,,,,,
Fledgling,Angler,What a Trophy!,,,,,,
Fledgling,Angler,A Juicy Catch,,,,,,
Apprentice,Angler,Pull It Quickly,,,,,,
Apprentice,Angler,Your First Eel,,,,,,
Apprentice,Angler,An Armful of Eels,,,,,,
Apprentice,Angler,Your First Elderwood Trout,,,,,,
Apprentice,Angler,A Haul of Elderwood Trout,,,,,,
Apprentice,Angler,Your First Catfish,,,,,,
Apprentice,Angler,A Cache of Catfish,,,,,,
Apprentice,Angler,The Rare Rainbow,,,,,,
Apprentice,Angler,Lord of the Forest,,,,,,
Adept,Angler,First Puerto Bream,,,,,,
Adept,Angler,Brimming with Breams,,,,,,
Adept,Angler,Yar!,,,,,,
Adept,Angler,Small Fry of the Sea,,,,,,
Adept,Angler,Big Catch of Small Fry,,,,,,
Adept,Angler,Tuna Surprise,,,,,,
Adept,Angler,First Flying Fish,,,,,,
Adept,Angler,Squadron of Fish,,,,,,
Adept,Angler,First Puffer Fish,,,,,,
Adept,Angler,Payload of Puffers,,,,,,
Adept,Angler,First Redgill,,,,,,
Adept,Angler,Finger-Burning Redgills,,,,,,
Adept,Angler,First Lava Prawn,,,,,,
Adept,Angler,Scalded Prawns,,,,,,
Adept,Angler,Scorching Catch,,,,,,
Adept,Angler,Draw Your Sword,,,,,,
Adept,Angler,Torched Tuna,,,,,,
Expert,Angler,Extra Focused,,,,,,
Expert,Angler,First Sandfish,,,,,,
Expert,Angler,A School of Sandfish,,,,,,
Expert,Angler,First Black Bass,,,,,,
Expert,Angler,Bundle of Bass,,,,,,
Expert,Angler,First Desert Tuna,,,,,,
Expert,Angler,Duneful of Tuna,,,,,,
Expert,Angler,First Squid,,,,,,
Expert,Angler,Squid Quidtuple,,,,,,
Expert,Angler,First Prawn,,,,,,
Expert,Angler,Plenty of Prawns,,,,,,
Expert,Angler,First Smelt,,,,,,
Expert,Angler,Melting Smelts,,,,,,
Expert,Angler,First Icy Squid,,,,,,
Expert,Angler,Chilly Catch,,,,,,
Expert,Angler,Sun Protection,,,,,,
Expert,Angler,A Vicious Carp,,,,,,
Expert,Angler,Coldwater Tuna Time,,,,,,
Expert,Angler,Lord of the Deep Sea,,,,,,
Expert,Angler,The Darkness Within,,,,,,
Master,Angler,First Love,,,,,,
Master,Angler,First Electric Eel,,,,,,
Master,Angler,Electrifying Experience,,,,,,
Master,Angler,First Cave Catfish,,,,,,
Master,Angler,Herding Catfish,,,,,,
Master,Angler,Keep Going with the Flow,,,,,,
Master,Angler,Swimming Cactus,,,,,,
Master,Angler,A Flaky Fish,,,,,,
Master,Angler,Lord of the Subterranean Lake,,,,,,
Hero,Angler,First Sky Sardine,,,,,,
Hero,Angler,Terra Nimbus Sardine Squad,,,,,,
Hero,Angler,First Floaty Puffer Fish,,,,,,
Hero,Angler,Pop Five Floaters,,,,,,
Hero,Angler,Worth Its Weight in Gold,,,,,,
Hero,Angler,Land a High Flier,,,,,,
Creator,Angler,Royal Whiskers,,,,,,DLC
Creator,Angler,Living Fossils,,,,,,DLC
Creator,Angler,Angel Kiss,,,,,,DLC
Creator,Angler,Follow the Rainbow,,,,,,DLC
Creator,Angler,The Wickedest Tuna,,,,,,DLC
Creator,Angler,The Creator of All Fish,,,,,,DLC
Fledgling,Cook,A Basic Egg,,,,,,
Fledgling,Cook,Grill Some Meat!,,,,,,
Fledgling,Cook,Fry Some Fish,,,,,,
Fledgling,Cook,Serve Up Veggie Soup,,,,,,
Fledgling,Cook,Fish Up Some Soup,,,,,,
Fledgling,Cook,Quality Mutton,,,,,,
Fledgling,Cook,Roll Out That Egg,,,,,,
Fledgling,Cook,Apple Juicer,,,,,,
Fledgling,Cook,Fledgling Excellence,,,,,,
Fledgling,Cook,A Hearty Winter Stew,,,,,,
Apprentice,Cook,Rustle Up Some Burgers,,,,,,
Apprentice,Cook,Fish with Rustic Flair,,,,,,
Apprentice,Cook,Eggsperptly Fried,,,,,,
Apprentice,Cook,A Stew of Veggies,,,,,,
Apprentice,Cook,The Perfect Omelet,,,,,,
Apprentice,Cook,A Quiche of Quality,,,,,,
Apprentice,Cook,A Most Delightful Chicken,,,,,,
Apprentice,Cook,Cook Up a Fish Head,,,,,,
Apprentice,Cook,Sashimi Times Three,,,,,,
Apprentice,Cook,Triple Quiche Special,,,,,,
Apprentice,Cook,Boil Those Veggies,,,,,,
Apprentice,Cook,Nutty Mutton,,,,,,
Apprentice,Cook,Apprentice Excellence,,,,,,
Apprentice,Cook,A Superlative Soup,,,,,,
Apprentice,Cook,Perfect Those Veggies,,,,,,
Adept,Cook,Poultry Pairing on Rice,,,,,,
Adept,Cook,Bursting with Southern Flavors,,,,,,
Adept,Cook,Sardine Special,,,,,,
Adept,Cook,Taste of Summer,,,,,,
Adept,Cook,Gratin Times Three,,,,,,
Adept,Cook,Plenty of Pudding,,,,,,
Adept,Cook,Smoking-Hot Prawn,,,,,,
Adept,Cook,Juice of the Wood,,,,,,
Adept,Cook,Dino-Dish Rampage,,,,,,
Adept,Cook,Slippery Meal,,Angler,,,,
Adept,Cook,Sushi Expert,,,,,,
Adept,Cook,Sunny-Side Up,,,,,,
Adept,Cook,Cornucopia on the Cob,,,,,,
Adept,Cook,Adept Deliciousness,,,,,,
Adept,Cook,Cabbage on a Roll,,,,,,
Expert,Cook,Sizzling Soup,,Angler,,,,
Expert,Cook,Expert Desserts,,,,,,
Expert,Cook,Enchanting Omelet,,,,,,
Expert,Cook,Pies Aplenty,,,,,,
Expert,Cook,Abracadabra-a Milkshake!,,,,,,
Expert,Cook,Give Thanks for Perfect Pie,,,,,,
Expert,Cook,Sandfish Specialty,,,,,,
Expert,Cook,Sweet Dino Dish,,,,,,
Expert,Cook,Exquisite Puffer Fish,,Angler,,,,
Expert,Cook,A Lovely Way to Cook Bream,,Angler,,,,
Expert,Cook,Tuna for refined Taste,,,,,,
Expert,Cook,Expert Creations,,,,,,
Expert,Cook,"A Big, Hearty Breakfast",,,,,,
Expert,Cook,Crossing Swords,,Angler,,,,
Expert,Cook,Monstrous Appetite,,,,,,
Expert,Cook,A Pampered Burger,,,,,,
Expert,Cook,Savor the Smelt,,,,,,
Expert,Cook,Spectacular Sashimi,,,,,,
Expert,Cook,Recommended by Damien,,,,,,
Master,Cook,The King of Omelets,,,,,,
Master,Cook,Desert Delicacy,,,,,,
Master,Cook,Snowy Special,,,,,,
Master,Cook,Lava Lunch,,,,,,
Master,Cook,Special Stew Menu,,,,,,
Master,Cook,A Most Magical Pie,,,,,,
Master,Cook,"Hot, Cold and Eggy",,,,,,
Master,Cook,Roast for the Brave,,,,,,
Master,Cook,Electrifying Egg,,,,,,
Master,Cook,Master of the Kitchen,,,,,,
Master,Cook,Airy Delicacy,,Angler,,,,
Hero,Cook,The Tale of Sweet Corn,,,,,,
Hero,Cook,High Steaks,,,,,,
Hero,Cook,Good as Gold,,Angler,,,,
Hero,Cook,What Sorcery Is This?,,,,,,
Hero,Cook,Egg & Veggie Master,,,,,,
Hero,Cook,Cuisine for Champions,,,,,,
Hero,Cook,Dreaming of Sashimi,,Angler,,,,
Hero,Cook,Cooking Masters,,,,,,
Hero,Cook,Meat Master,,,,,,
Hero,Cook,Seafood Master,,,,,,
Creator,Cook,Epic Roast,,,,,,DLC
Creator,Cook,A Spectrum of Flavors,,,,,,DLC
Creator,Cook,Resort Town Special,,,,,,DLC
Creator,Cook,Finest Frappé,,,,,,DLC
Creator,Cook,Bards Will Sing Its Praises,,,,,,DLC
Creator,Cook,Demi-Creator-Tastiness,,,,,,DLC
Fledgling,Blacksmith,Copper Basics,,,,,,
Fledgling,Blacksmith,Bronze Buddy,,,,,,
Fledgling,Blacksmith,Craft a Bronze Sword!,,,,,,
Fledgling,Blacksmith,Craft a Bronze Dagger!,,,,,,
Fledgling,Blacksmith,Craft a Bronze Shield!,,,,,,
Fledgling,Blacksmith,Craft a Bronze Claymore!,,,,,,
Fledgling,Blacksmith,Craft a Leather Armour!,,,,,,
Fledgling,Blacksmith,Leathercrafter,,,,,,
Fledgling,Blacksmith,Coppersmith Extraordinaire,,,,,,
Fledgling,Blacksmith,Just Getting Fired Up!,,,,,,
Apprentice,Blacksmith,Iron Basics,,,,,,
Apprentice,Blacksmith,Craft an Iron Hammer!,,,,,,
Apprentice,Blacksmith,Craft an Iron Pickaxe!,,,,,,
Apprentice,Blacksmith,Craft an Iron Needle!,,,,,,
Apprentice,Blacksmith,Craft an Iron Frying Pan!,,,,,,
Apprentice,Blacksmith,Craft an Iron Shield!,,,,,,
Apprentice,Blacksmith,Iron-Arms Artisan,,,,,,
Apprentice,Blacksmith,Craft an Iron Leg Armor!,,,,,,
Apprentice,Blacksmith,Craft an Iron Helm!,,,,,,
Apprentice,Blacksmith,Craft an Iron Hand Armor!,,,,,,
Apprentice,Blacksmith,Craft an Iron Footwear!,,,,,,
Apprentice,Blacksmith,Premium Ironsmith,,,,,,
Apprentice,Blacksmith,Craft a Set of Iron Armor!,,,,,,
Adept,Blacksmith,Craft Savage Leg Armor!,,,,,,
Adept,Blacksmith,Craft a Savage Headpiece!,,,,,,
Adept,Blacksmith,Craft a Pair of Savage Gauntlets!,,,,,,
Adept,Blacksmith,Craft a Pair of Savage Boots!,,,,,,
Adept,Blacksmith,Craft Savage Armor!,,,,,,
Adept,Blacksmith,Craft Mermaid Leg Armor!,,,,,,
Adept,Blacksmith,Craft a Mermaid Helm!,,,,,,
Adept,Blacksmith,Craft a Pair of Mermaid Gloves!,,,,,,
Adept,Blacksmith,Craft a Pair of Mermaid Boots!,,,,,,
Adept,Blacksmith,Silver Basics,,,,,,
Adept,Blacksmith,Craft a Silver Hammer!,,,,,,
Adept,Blacksmith,Sleek Silver,,,,,,
Adept,Blacksmith,Silver Lining,,,,,,
Adept,Blacksmith,Fight Silver with Silver,,,,,,
Adept,Blacksmith,Craft a Silver Needle!,,,,,,
Adept,Blacksmith,Have a License for that Thing?!,,,,,,
Adept,Blacksmith,"Behold, the Silversmith!",,,,,,
Adept,Blacksmith,Shiny Protection,,,,,,
Adept,Blacksmith,Two-Handed Fury,,,,,,
Expert,Blacksmith,Gold Basics,,,,,,
Expert,Blacksmith,Craft Shell Armor!,,,,,,
Expert,Blacksmith,Shellshocked!,,,,,,
Expert,Blacksmith,Golden Guard,,,,,,
Expert,Blacksmith,A Golden Opportunity,,,,,,
Expert,Blacksmith,Craft a Gold Hammer!,,,,,,
Expert,Blacksmith,Platinum Basics,,,,,,
Expert,Blacksmith,Bling! Bling!,,,,,,
Expert,Blacksmith,We Just Went Platinum!,,Carpenter,,,,
Expert,Blacksmith,Captain's Guard,,Carpenter,,,,
Expert,Blacksmith,Straight to the Point,,,,,,
Expert,Blacksmith,Bonebreaker,,,,,,
Expert,Blacksmith,The Beast Defence,,,,,,
Expert,Blacksmith,Hungry Like a Beast,,,,,,
Expert,Blacksmith,All Clammed Up,,,,,,
Expert,Blacksmith,Furnace Side Fashion,,,,,,
Master,Blacksmith,Three's a Crowd,,,,,,
Master,Blacksmith,Fuel the Flames!,,,,,,
Master,Blacksmith,Artisan of the Arcane,,,,,,
Master,Blacksmith,Magmacrafter,,,,,,
Master,Blacksmith,Aquacrafter,,,,,,
Master,Blacksmith,Some Killer Crystal,,,,,,
Master,Blacksmith,Three is the Magic Number,,,,,,
Master,Blacksmith,Dragon Armour,,,,,,
Master,Blacksmith,Light Enough For Ya?,,,,,,
Master,Blacksmith,Into the Void!,,,,,,
Master,Blacksmith,The Crusher,,,,,,
Master,Blacksmith,The Price of Protection,,,,,,
Master,Blacksmith,Crush the Competition!,,,,,,
Hero,Blacksmith,Celestial Basics,,,,,,
Hero,Blacksmith,Feel the Joy,,Woodcutter,,,,
Hero,Blacksmith,Shockingly Effective,,,,,,
Hero,Blacksmith,One Armor to Guard All,,Tailor,,,,
Hero,Blacksmith,Armor Amore,,Tailor,,,,
Hero,Blacksmith,Good Things Come in Fives,,,,,,
Creator,Blacksmith,Positively Ancient,,,,,,DLC
Creator,Blacksmith,Embrace the Darkness,,,,,,DLC
Creator,Blacksmith,Smithing is Godliness,,Miner,,,,DLC
Creator,Blacksmith,Runecrafter,,,,,,DLC
Creator,Blacksmith,Shadowcrafter,,,,,,DLC
Creator,Blacksmith,Like Clockwork,,,,,,DLC
Fledgling,Carpenter,Starter Saw,,,,,,
Fledgling,Carpenter,Fisherman's Friend,,,,,,
Fledgling,Carpenter,Magic Mate,,,,,,
Fledgling,Carpenter,Have a Seat,,,,,,
Fledgling,Carpenter,Carpenter's Choice,,,,,,
Fledgling,Carpenter,Chop Shop,,,,,,
Fledgling,Carpenter,Bow Wow,,,,,,
Fledgling,Carpenter,Tools of the Trade,,,,,,
Fledgling,Carpenter,Mini Master,,,,,,
Fledgling,Carpenter,Log Cabin Dreams,,,,,,
Apprentice,Carpenter,Fine Pine,,,,,,
Apprentice,Carpenter,Reel Impressive,,,,,,
Apprentice,Carpenter,It's Magic,,,,,,
Apprentice,Carpenter,Patch Pro,,,,,,
Apprentice,Carpenter,Choppin' Time,,,,,,
Apprentice,Carpenter,Target Practice,,,,,,
Apprentice,Carpenter,Help Yourself,,,,,,
Apprentice,Carpenter,Palm Down,,,,,,
Apprentice,Carpenter,Coastal Chair,,,,,,
Apprentice,Carpenter,Tile Style,,,,,,
Apprentice,Carpenter,Port-Town Portfolio,,,,,,
Apprentice,Carpenter,Treasured Chest,,,,,,
Apprentice,Carpenter,Plenty o' Palm,,,,,,
Apprentice,Carpenter,Barrel Role,,,,,,
Apprentice,Carpenter,I Saw That,,,,,,
Adept,Carpenter,Sugar Rush,,,,,,
Adept,Carpenter,Sweet Stroke,,,,,,
Adept,Carpenter,Sweet Shot,,,,,,
Adept,Carpenter,Reel Sweet,,,,,,
Adept,Carpenter,Sweet Spells,,,,,,
Adept,Carpenter,Starlight Seat,,,,,,
Adept,Carpenter,Full of Stars,,,,,,
Adept,Carpenter,Sweet Dreams,,,,,,
Adept,Carpenter,Mangrove Madness,,,,,,
Adept,Carpenter,Captain's Chair,,,,,,
Adept,Carpenter,You Are a Pirate,,,,,,
Adept,Carpenter,Davy Jones's Locker,,,,,,
Adept,Carpenter,Pirate Perch,,,,,,
Adept,Carpenter,Berth Right,,,,,,
Adept,Carpenter,Cutting Edge,,,,,,
Expert,Carpenter,Fantastic Fir,,,,,,
Expert,Carpenter,Sparks Fly,,Blacksmith,,,,
Expert,Carpenter,Moon Beams,,,,,,
Expert,Carpenter,Crow About It,,,,,,
Expert,Carpenter,Fit for a King,,Blacksmith,,,,
Expert,Carpenter,Fish Fancy,,,,,,
Expert,Carpenter,Peat Seat,,,,,,
Expert,Carpenter,Putting the Rest in Forest,,Woodcutter,,,,
Expert,Carpenter,Exterior Decor,,,,,,
Expert,Carpenter,Sand 'Em Down,,,,,,
Expert,Carpenter,Killer Bow,,,,,,
Expert,Carpenter,Treasure Trove,,,,,,
Expert,Carpenter,Occult Classic,,,,,,
Expert,Carpenter,Throne of Beams,,,,,,
Expert,Carpenter,Bloody Good Work,,,,,,
Expert,Carpenter,Locker Shocker,,,,,,
Expert,Carpenter,Chest of Horrors,,,,,,
Expert,Carpenter,The Dark Side of Decor,,,,,,
Expert,Carpenter,Sweet Screams,,,,,,
Expert,Carpenter,The Dark Sultan's Dresser,,,,,,
Master,Carpenter,Carving Stars,,,,,,
Master,Carpenter,Starlight Magic,,,,,,
Master,Carpenter,Seat Fit for a King,,,,,,
Master,Carpenter,Table Fit for a King,,,,,,
Master,Carpenter,The King's Carpenter,,,,,,
Master,Carpenter,"Earth, Water, Wind, Fire",,,,,,
Master,Carpenter,Staff of Pawwer!,,,,,,
Master,Carpenter,Water Rod,,,,,,
Master,Carpenter,Water Blade,,,,,,
Master,Carpenter,Carpentry Toolbox 6,,,,,,
Master,Carpenter,A Cloud of Bats,,,,,,
Master,Carpenter,Burning Arrow,,,,,,
Master,Carpenter,Desert Wind,,,,,,
Master,Carpenter,Axe Goddess,,,,,,
Master,Carpenter,Sleeping under the Stars,,,,,,
Master,Carpenter,Carpentry Toolbox 7,,,,,,
Hero,Carpenter,Reach for the Skytree,,,,,,
Hero,Carpenter,Map to Adventure,,Woodcutter,,,,
Hero,Carpenter,Fated Arrow,,,,,,
Hero,Carpenter,Sea of Snakes,,Woodcutter,,,,
Creator,Carpenter,Giant Trees,,,,,,DLC
Creator,Carpenter,Divine Trees,,,,,,DLC
Creator,Carpenter,Furry Furniture,,,,,,DLC
Creator,Carpenter,Livin' on a Cloud,,,,,,DLC
Creator,Carpenter,Astral Planning,,,,,,DLC
Creator,Carpenter,Carpentry Toolbox Complete,,,,,,DLC
Fledgling,Tailor,Cotton Creation,,,,,,
Fledgling,Tailor,Dandelion Scion,,,,,,
Fledgling,Tailor,Castele Ladieswear,,,,,,
Fledgling,Tailor,Castele Menswear,,,,,,
Fledgling,Tailor,Artisanal Ambitions,,,,,,
Fledgling,Tailor,Boho Chic,,,,,,
Fledgling,Tailor,Castele Boho Chic,,,,,,
Fledgling,Tailor,Teeming Tailor,,,,,,
Fledgling,Tailor,Highland Habit,,,,,,
Fledgling,Tailor,Artisan's Accoutrements,,,,,,
Apprentice,Tailor,Have You Any Wool?,,,,,,
Apprentice,Tailor,Three Bags Full,,,,,,
Apprentice,Tailor,Harbour Hunny Style,,,,,,
Apprentice,Tailor,Harbour Hunk Style,,,,,,
Apprentice,Tailor,Quilt While You're Ahead,,,,,,
Apprentice,Tailor,Cozy Clothes,,,,,,
Apprentice,Tailor,Dueling Dressers,,,,,,
Apprentice,Tailor,Boardwalk Catwalk,,,,,,
Apprentice,Tailor,Slick Silk,,,,,,
Apprentice,Tailor,Silk Star,,,,,,
Apprentice,Tailor,Tireless Tailor,,,,,,
Apprentice,Tailor,En Garde!,,,,,,
Apprentice,Tailor,High-Class Honey,,,,,,
Apprentice,Tailor,Port Puerto Patterns,,,,,,
Adept,Tailor,Avant-Garde Garb,,,,,,
Adept,Tailor,Call for Cotton,,,,,,
Adept,Tailor,Sunshiny Finery,,,,,,
Adept,Tailor,Cap in Hand,,,,,,
Adept,Tailor,Bobbin's Bear,,,,,,
Adept,Tailor,Desert Designer,,,,,,
Adept,Tailor,Dapper Desert Don,,,,,,
Adept,Tailor,Sea Silk,,,,,,
Adept,Tailor,Beach Combers,,,,,,
Adept,Tailor,His and Hers Beachwear,,,,,,
Adept,Tailor,Coast of Arms,,,,,,
Adept,Tailor,Spinnin' Linens,,,,,,
Adept,Tailor,Tailor Made,,,,,,
Adept,Tailor,Bobbin's Cuddly Turtle,,,,,,
Adept,Tailor,Desert Designs,,,,,,
Adept,Tailor,Fine Frosty Fashion,,,,,,
Expert,Tailor,Gift of the Goat,,,,,,
Expert,Tailor,Lap of Luxury,,,,,,
Expert,Tailor,Skirting the Issue,,,,,,
Expert,Tailor,Fancy Pants,,,,,,
Expert,Tailor,Belle of the Ball,,,,,,
Expert,Tailor,Short and Sweet,,,,,,
Expert,Tailor,The Golden Sheep,,,,,,
Expert,Tailor,Flair for Flare Wool,,,,,,
Expert,Tailor,Bobbin's Toy Camel,,,,,,
Expert,Tailor,Gentlemen's Garments,,,,,,
Expert,Tailor,Ladies' Loungewear,,,,,,
Expert,Tailor,Adventurer's Garb,,,,,,
Expert,Tailor,Work Your Magic,,,,,,
Expert,Tailor,All Smiles,,,,,,
Expert,Tailor,Black Goat's Gift,,,,,,
Expert,Tailor,Extra Extravagance,,,,,,
Expert,Tailor,Skirt Skills,,,,,,
Expert,Tailor,Shark Chic,,,,,,
Expert,Tailor,Well-Trained Tailor,,,,,,
Expert,Tailor,Grotto Aficionado,,,,,,
Expert,Tailor,Majestic Maharaja,,,,,,
Expert,Tailor,Fire Meets Water,,,,,,
Master,Tailor,Angelic Appeal,,,,,,
Master,Tailor,"Earth, Wind, and Attire",,,,,,
Master,Tailor,Bobbin's Bunny,,,,,,
Master,Tailor,Tickled Pink,,,,,,
Master,Tailor,Pink Proficiency,,,,,,
Master,Tailor,Elements of Style,,,,,,
Master,Tailor,The Tenacious Tailor,,,,,,
Master,Tailor,Armor Suit Yourself,,,,,,
Master,Tailor,Stitch for the Stars,,,,,,
Master,Tailor,Stardust Style,,,,,,
Hero,Tailor,"Here, Here, Hero!",,,,,,
Hero,Tailor,Night-and-Day Fashion,,,,,,
Hero,Tailor,Hero's Defence,,,,,,
Hero,Tailor,Bobbin's Big Bunny,,,,,,
Hero,Tailor,Royal Decor,,,,,,
Hero,Tailor,Sewing Superstar,,,,,,
Hero,Tailor,Making Umbrage,,,,,,
Hero,Tailor,Snip the Light Fantastic,,,,,,
Creator,Tailor,Rakish Rainbow,,,,,,DLC
Creator,Tailor,Glittery Glamour,,,,,,DLC
Creator,Tailor,Resplendent in Rainbows,,,,,,DLC
Creator,Tailor,Godly Soft Furnishings,,,,,,DLC
Creator,Tailor,Origin Island Couture,,,,,,DLC
Creator,Tailor,Sacred Tailoring,,,,,,DLC
Fledgling,Alchemist,Heal Thyself,,,,,,
Fledgling,Alchemist,"Poison, Begone!",,,,,,
Fledgling,Alchemist,Stun Undone,,,,,,
Fledgling,Alchemist,Rise and Shine,,,,,,
Fledgling,Alchemist,"Charmed, I'm Sure",,,,,,
Fledgling,Alchemist,Quality Control,,,,,,
Fledgling,Alchemist,Bombs Away!,,,,,,
Fledgling,Alchemist,Perpetual Pep,,,,,,
Fledgling,Alchemist,Flask Task,,,,,,
Fledgling,Alchemist,Notorious Alchemist,,,,,,
Fledgling,Alchemist,Making a Spectacle,,,,,,
Fledgling,Alchemist,Claw Chic,,,,,,
Fledgling,Alchemist,Flamel's Favorite,,,,,,
Apprentice,Alchemist,HP Times Three,,,,,,
Apprentice,Alchemist,Nap Attack,,,,,,
Apprentice,Alchemist,Flask in a Flash,,,,,,
Apprentice,Alchemist,Quality Time,,,,,,
Apprentice,Alchemist,Back to Life,,,,,,
Apprentice,Alchemist,Savage Style,,,,,,
Apprentice,Alchemist,Aquamarine Dream,,,,,,
Apprentice,Alchemist,Topaz Triumph,,,,,,
Apprentice,Alchemist,Sweet Stamina,,,,,,
Apprentice,Alchemist,Assiduous Alchemist,,,,,,
Apprentice,Alchemist,Flamel's Fiery Jewel,,,,,,
Adept,Alchemist,Stylish Sight,,,,,,
Adept,Alchemist,Implicit Crystals,,,,,,
Adept,Alchemist,Sea to Believe,,,,,,
Adept,Alchemist,Fanciful Flower,,,,,,
Adept,Alchemist,Heal to Heal,,,,,,
Adept,Alchemist,More Power to You,,,,,,
Adept,Alchemist,Impossible to Resist,,,,,,
Adept,Alchemist,Magic Touch,,,,,,
Adept,Alchemist,Dangerous Detonation,,,,,,
Adept,Alchemist,Blown Away,,,,,,
Adept,Alchemist,Burst Your Bubble,,,,,,
Adept,Alchemist,Ingenious Alchemist,,,,,,
Adept,Alchemist,Coral Creation,,,,,,
Adept,Alchemist,Bombs Away! Part 2,,,,,,
Adept,Alchemist,Bundle of Energy,,,,,,
Adept,Alchemist,Rejuvenation Salvation,,,,,,
Adept,Alchemist,Sovereign of the Sea,,,,,,
Adept,Alchemist,Charm Challenge,,,,,,
Adept,Alchemist,Bomb Batch,,,,,,
Expert,Alchemist,Healing Potion Nothing,,,,,,
Expert,Alchemist,Beastly Behavior,,,,,,
Expert,Alchemist,Power Play,,,,,,
Expert,Alchemist,Pièce de Résistance,,,,,,
Expert,Alchemist,Magic Machinations,,,,,,
Expert,Alchemist,Flask Formation,,,,,,
Expert,Alchemist,Industrious Alchemist,,,,,,
Expert,Alchemist,View Ado,,,,,,
Expert,Alchemist,Fashion Glasses,,,,,,
Expert,Alchemist,Rise of the Ruby,,,,,,
Expert,Alchemist,Sapphire Desire,,,,,,
Expert,Alchemist,Emerald Enthralled,,,,,,
Expert,Alchemist,Coral Exam,,,,,,
Expert,Alchemist,Accessory Treasury,,,,,,
Expert,Alchemist,Energy to the MAX!,,,,,,
Expert,Alchemist,Jewel Renewal,,,,,,
Master,Alchemist,Flasks Aflame,,,,,,
Master,Alchemist,Charge!,,,,,,
Master,Alchemist,Critical Damage,,,,,,
Master,Alchemist,Aid and Abet,,,,,,
Master,Alchemist,Framed!,,,,,,
Master,Alchemist,Frosty Flask,,,,,,
Master,Alchemist,Labor of Love,,,,,,
Master,Alchemist,Exalted Alchemist,,,,,,
Master,Alchemist,Elixir of Life,,,,,,
Master,Alchemist,Fly Eyewear,,,,,,
Master,Alchemist,Burst Your Bubble 2,,,,,,
Master,Alchemist,All's Fair in Love,,,,,,
Hero,Alchemist,Spray Away,,,,,,
Hero,Alchemist,Bombs Away! Part 3,,,,,,
Hero,Alchemist,Shady Character,,,,,,
Hero,Alchemist,Dark Arts & Crafts,,,,,,
Hero,Alchemist,Ring in the New,,,,,,
Hero,Alchemist,Contraband for Life,,,,,,
Hero,Alchemist,Awe-Inspiring Alchemist,,,,,,
Hero,Alchemist,Dare to Care,,,,,,
Hero,Alchemist,Philosopher's Stone,,,,,,
Creator,Alchemist,Cherubic Challenge,,,,,,DLC
Creator,Alchemist,Working Miracles,,,,,,DLC
Creator,Alchemist,Heavenly Blast,,,,,,DLC
Creator,Alchemist,Devil's Detonation,,,,,,DLC
Creator,Alchemist,Lucky Liquids,,,,,,DLC
Creator,Alchemist,Divine Intervention,,,,,,DLC
