Region,Source,Bounty,Item,Rarity,Tags,Special Request,DLC,Notes
East Grassy Plains,White Woolie,,Sheep Fleece,30%,,,,
East Grassy Plains,White Woolie,,Mutton,30%,,,,
East Grassy Plains,Red Wolf,,Animal Hide,30%,,,,
East Grassy Plains,Coyote,,Animal Hide,30%,,,,
East Grassy Plains,Sandzard,,Little Tail,30%,,,,
East Grassy Plains,Carroty,,Antidote Berries,30%,,,,
East Grassy Plains,Carroty,,Carrot,5%,,,,
East Grassy Plains,Dragon Mustard,,Wakeup Berries,30%,Uncommon Spawn,,,It usually appears where the Carroty monsters are.
East Grassy Plains,Dragon Mustard,,Mustard,20%,Uncommon Spawn,,,It usually appears where the Carroty monsters are.
East Grassy Plains,Catterpillo,,Straw Thread,30%,,,,
East Grassy Plains,Worker Bee,,,,,,,
East Grassy Plains,Road Runner,,Egg,30%,,,,
East Grassy Plains,Bandit,,Spring Water,30%,,,,
East Grassy Plains,Bandit,,Mountain Spring Water,20%,,,,
East Grassy Plains,Bandit,,Sack of Copper,20%,,,,
East Grassy Plains,Bandit Leader,,Spring Water,30%,,,,
East Grassy Plains,Bandit Leader,,Mountain Spring Water,20%,,,,
East Grassy Plains,Bandit Leader,,Sack of Silver,20%,,,,
East Grassy Plains,Carrotella,,Rejuvenating Berries,30%,,,,
East Grassy Plains,Spook,,Magic Powder,30%,Night Only,,,
East Grassy Plains,Napdragon,,Dragon Scales,30%,,,,
East Grassy Plains,Napdragon,,Giant Scale,15%,,,,
East Grassy Plains,Ancient Napdragon,,Giant Scale,30%,Day Only,Paladin,DLC,
East Grassy Plains,Ancient Napdragon,,Dragon Meat,20%,Day Only,Paladin,DLC,
East Grassy Plains,Bandit Leader,Bandit Leader Bounty,Mountain Spring Water,45%,,,,
East Grassy Plains,Bandit Leader,Bandit Leader Bounty,Sack of Silver,45%,,,,
East Grassy Plains,Bandit Leader,Bandit Leader Bounty,Iron Hammer,10%,,,,
East Grassy Plains,Bandit Leader,Bandit Leader Bounty,300 Dosh,,,,,
East Grassy Plains,Carrotella,Carrotella Bounty,Carrot,90%,,,,
East Grassy Plains,Carrotella,Carrotella Bounty,Cape,10%,,,,
East Grassy Plains,Carrotella,Carrotella Bounty,200 Dosh,,,,,
East Grassy Plains,Spook,Spook Bounty,Magic Powder,90%,Night Only,,,
East Grassy Plains,Spook,Spook Bounty,Magic Upgrade Stone,10%,Night Only,,,
East Grassy Plains,Spook,Spook Bounty,250 Dosh,,Night Only,,,
East Grassy Plains,Napdragon,Napdragon Bounty,Paladin's Sword,70%,,,,
East Grassy Plains,Napdragon,Napdragon Bounty,Dragon Scales,25%,,,,
East Grassy Plains,Napdragon,Napdragon Bounty,Monarch Crown,5%,,,,
East Grassy Plains,Napdragon,Napdragon Bounty,5500 Dosh,,,,,
East Grassy Plains,Ancient Napdragon,Ancient Napdragon Bounty,Crimson Scales,100%,Day Only,Paladin,DLC,
East Grassy Plains,Ancient Napdragon,Ancient Napdragon Bounty,45000 Dosh,,Day Only,Paladin,DLC,
Haniwa Cave,Cobalt Frog,,Sleep Powder,30%,,,,
Haniwa Cave,Weedling,,,,,,,
Haniwa Cave,Skullblob,,Topaz,30%,Night Only,,,
Haniwa Cave,Skullblob,,Magic Upgrade Stone,20%,Night Only,,,
Haniwa Cave,Legendary Bandit,,Gold Shard,100%,,Blacksmith,DLC,
Haniwa Cave,Bandit Master,,Spring Water,30%,,Blacksmith,DLC,
Haniwa Cave,Bandit Master,,Sack of Silver,20%,,Blacksmith,DLC,
Haniwa Cave,Bandit Master,,Cherry Blossom Orb,10%,,Blacksmith,DLC,
Haniwa Cave,Veteran Bandit,,Rejuvenating Berries,30%,,Blacksmith,DLC,
Elderwood,Plains Bear,,Grassland Honey,30%,,,,
Elderwood,Plains Bear,,Plateau Honey,10%,,,,
Elderwood,Forest Panther,,Animal Claws,30%,,,,
Elderwood,Forest Panther,,Animal Fang,20%,,,,
Elderwood,Applejack Ape,,Castele Apple,30%,,,,
Elderwood,Applejack Ape,,Rainbow Apple,5%,,,,
Elderwood,Gingery,,Antistun Berries,30%,,,,
Elderwood,Gingery,,Ginger,20%,,,,
Elderwood,Mushface,,Forest Mushroom,30%,,,,
Elderwood,Timber Tinder,,Pine Nuts,20%,,,,
Elderwood,Hootwink,,Fine Feather,30%,Night Only,,,
Elderwood,Hootwink,,Moon Cluster,15%,Night Only,,,
Elderwood,Spirit of Earth,,Tool Upgrade Stone,15%,,,,
Elderwood,Spirit of Earth,,Earth Mana,5%,,,,
Elderwood,Earth Wraith,,Giant Fang,30%,Night Only,,,
Elderwood,Earth Wraith,Earth Wraith Bounty,Giant Fang,90%,Night Only,,,
Elderwood,Earth Wraith,Earth Wraith Bounty,Earth Robe,10%,Night Only,,,
Elderwood,Earth Wraith,Earth Wraith Bounty,3000 Dosh,,Night Only,,,
Elderwood,Plains Bear,Plains Bear Bounty,Grassland Honey,90%,,,,
Elderwood,Plains Bear,Plains Bear Bounty,Rainbow Trout,10%,,,,
Elderwood,Plains Bear,Plains Bear Bounty,300 Dosh,,,,,
West Grassy Plains,Black Woolie,,Sheep Fleece,30%,,,,
West Grassy Plains,Black Woolie,,Mutton,30%,,,,
West Grassy Plains,Bull,,Beef,30%,,,,
West Grassy Plains,Bull,,Extra Creamy Milk,5%,,,,
West Grassy Plains,Grass Serpent,,Snake Scales,30%,,,,
West Grassy Plains,Tortortoise,,Turtle Shell,30%,,,,
West Grassy Plains,Splash Frog,,Stun Powder,30%,,,,
West Grassy Plains,Field Frog,,Poison Powder,30%,,,,
West Grassy Plains,Radishy,,Daikon Radish,30%,,,,
West Grassy Plains,Beetle Baller,,,,,,,
West Grassy Plains,Bigbeak,,Giant Claws,30%,,,,
West Grassy Plains,Bigbeak,,Rainbow Feather,20%,,,,
West Grassy Plains,Bigbeak,,Bigbeak Egg,10%,,,,
West Grassy Plains,Killer Bunny,,Animal Droppings,30%,Night Only,,,
West Grassy Plains,Killer Bunny,,Criticaline,5%,Night Only,,,
West Grassy Plains,Radishella,,Rejuvenating Berries,30%,,,,
West Grassy Plains,Radishella,,Daikon Radish,5%,,,,
West Grassy Plains,Taurus,,Beef,30%,,,,
West Grassy Plains,Taurus,,Extra Creamy Milk,5%,,,,
West Grassy Plains,Mustardino,,Rejuvenating Berries,30%,,,,
West Grassy Plains,Mustardino,,Mustard,20%,,,,
West Grassy Plains,Mustardino,,Dragon Spice,10%,,,,
West Grassy Plains,Killer Bunny,Killer Bunny Bounty,Animal Droppings,60%,Night Only,,,
West Grassy Plains,Killer Bunny,Killer Bunny Bounty,Monster Dung,30%,Night Only,,,
West Grassy Plains,Killer Bunny,Killer Bunny Bounty,Criticaline,10%,Night Only,,,
West Grassy Plains,Killer Bunny,Killer Bunny Bounty,700 Dosh,,Night Only,,,
West Grassy Plains,Radishella,Radishella Bounty,Daikon Radish,90%,,,,
West Grassy Plains,Radishella,Radishella Bounty,Short Cape,10%,,,,
West Grassy Plains,Radishella,Radishella Bounty,600 Dosh,,,,,
West Grassy Plains,Taurus,Taurus Bounty,Beef,60%,,,,
West Grassy Plains,Taurus,Taurus Bounty,Extra Creamy Milk,30%,,,,
West Grassy Plains,Taurus,Taurus Bounty,Durable Charm,10%,,,,
West Grassy Plains,Taurus,Taurus Bounty,750 Dosh,,,,,
West Grassy Plains,Bigbeak,Bigbeak Bounty,Giant Claws,45%,,,,
West Grassy Plains,Bigbeak,Bigbeak Bounty,Rainbow Feather,50%,,,,
West Grassy Plains,Bigbeak,Bigbeak Bounty,Royal Saw,5%,,,,
West Grassy Plains,Bigbeak,Bigbeak Bounty,2700 Dosh,,,,,
Mt Snowpeak,Cashmeer,,Goat Fleece,30%,,,,
Mt Snowpeak,Buffalo,,Beef,30%,,,,
Mt Snowpeak,Rock Serpent,,Snake Scales,30%,,,,
Mt Snowpeak,Razorbeak,,Pine Nuts,30%,,,,
Mt Snowpeak,Razorbeak,,Bird Meat,20%,,,,
Mt Snowpeak,Razorbeak,,Eggs,20%,,,,
Mt Snowpeak,Black Panther,,Hard Claws,30%,,,,
Mt Snowpeak,Black Panther,,Thick Fang,20%,,,,
Mt Snowpeak,Fanged Ape,,Strong Fang,30%,,,,
Mt Snowpeak,Black Panther,Black Panther Bounty,Hard Claws,45%,,,,
Mt Snowpeak,Black Panther,Black Panther Bounty,Thick Fang,45%,,,,
Mt Snowpeak,Black Panther,Black Panther Bounty,Beastly Necklace,10%,,,,
Mt Snowpeak,Black Panther,Black Panther Bounty,450 Dosh,,,,,
Mt Snowpeak,Fanged Ape,Fanged Ape Bounty,Strong Fang,95%,,,,
Mt Snowpeak,Fanged Ape,Fanged Ape Bounty,Super Hammer,5%,,,,
Mt Snowpeak,Fanged Ape,Fanged Ape Bounty,900 Dosh,,,,,
Waterfall Cave,Licky Gecko,,Little Tail,30%,,,,
Waterfall Cave,Armoured Croc,,Big Tail,30%,,,,
Waterfall Cave,Pitchfork Piranha,,Fish Scales,30%,,,,
Waterfall Cave,Mountain Jelling,,Green Gel,30%,,,,
Waterfall Cave,Feely Catterpillo,,Silk Thread,30%,,,,
Waterfall Cave,Cave Bat,,,,,,,
Waterfall Cave,Iron Golem,,Plains Iron,30%,,,,
Waterfall Cave,Iron Golem,,Aquamarine,10%,,,,
Waterfall Cave,Iron Golem,,Wind Shard,10%,,,,
Waterfall Cave,Iron Golem,Iron Golem Bounty,Plains Iron,95%,,,,
Waterfall Cave,Iron Golem,Iron Golem Bounty,Iron Pickaxe,5%,,,,
Waterfall Cave,Iron Golem,Iron Golem Bounty,800 Dosh,,,,,
Lava Cave,Lava Weedling,,Combustible Powder,30%,,,,
Lava Cave,Mushflame,,Cave Mushroom,30%,,,,
Lava Cave,Lava Catterpillo,,,,,,,
Lava Cave,Spirit of Fire,,Attack Upgrade Stone,15%,,,,
Lava Cave,Spirit of Fire,,Fire Mana,5%,,,,
Lava Cave,Blaze Wraith,,Giant Fang,30%,,,,
Lava Cave,Lava Golem,,Magma Ore,30%,,,,
Lava Cave,Lava Golem,,Ruby,10%,,,,
Lava Cave,Lava Golem,,Dragon Shard,10%,,,,
Lava Cave,Fortoise,,Fortified Shell,30%,,Miner,DLC,
Lava Cave,Blaze Wraith,Blaze Wraith Bounty,Giant Fang,90%,,,,
Lava Cave,Blaze Wraith,Blaze Wraith Bounty,Flame Robe,10%,,,,
Lava Cave,Blaze Wraith,Blaze Wraith Bounty,3600 Dosh,,,,,
Lava Cave,Lava Golem,Lava Golem Bounty,Magma Ore,95%,,,,
Lava Cave,Lava Golem,Lava Golem Bounty,Lava Pickaxe,5%,,,,
Lava Cave,Lava Golem,Lava Golem Bounty,1000 Dosh,,,,,
Mt Snowpeak Summit,Silverwing,,Big Egg,30%,,,,
Mt Snowpeak Summit,Ice Spook,,Sapphire,30%,,,,
Mt Snowpeak Summit,Silverfang,,Dino Meat,20%,,,,
Mt Snowpeak Summit,Silverfang,,Giant Horn,10%,,,,
Mt Snowpeak Summit,Snow Leopard,,Deadly Claws,30%,,,,
Mt Snowpeak Summit,Snow Leopard,,Sturdy Fang,20%,,,,
Mt Snowpeak Summit,Iced Jellyfish,,,,,,,
Mt Snowpeak Summit,Glaciowl,,Glossy Feather,30%,,,,
Mt Snowpeak Summit,Glaciowl,,Moon Cluster,15%,,,,
Mt Snowpeak Summit,Snowflake Bunny,,Monster Dung,30%,,,,
Mt Snowpeak Summit,Snow Runner,,Magic Eggs,30%,,,,
Mt Snowpeak Summit,Spinning Horn,,Wild Antler,100%,,Carpenter,DLC,
Mt Snowpeak Summit,Gift-Wrapped Mimic,,Happiness Ribbon,10%,,Carpenter,DLC,
Mt Snowpeak Summit,Ice Spook,Ice Spook Bounty,Sapphire,90%,,,,
Mt Snowpeak Summit,Ice Spook,Ice Spook Bounty,Mooncrest Staff,10%,,,,
Mt Snowpeak Summit,Ice Spook,Ice Spook Bounty,750 Dosh,,,,,
Mt Snowpeak Summit,Silverfang,Silverfang Bounty,Giant Horn,95%,,,,
Mt Snowpeak Summit,Silverfang,Silverfang Bounty,Crystal Sword,5%,,,,
Mt Snowpeak Summit,Silverfang,Silverfang Bounty,3000 Dosh,,,,,
Napdragon's Nest,Fairy Dragon,,Cave Strawberries,30%,,,,
Napdragon's Nest,Fairy Dragon,,Star Cluster,20%,,,,
Tortuga Archipelago,Green Gator,,Big Tail,30%,,,,
Tortuga Archipelago,Croc,,Beast Tail,30%,,,,
Tortuga Archipelago,Turtortle,,Thick Shell,30%,,,,
Tortuga Archipelago,Turtanic,,Vivid Coral,20%,,,,
Tortuga Archipelago,Turtanic,,Moon Cluster,20%,,,,
Tortuga Archipelago,Turtanic,,Ancient Shell,15%,,,,
Tortuga Archipelago,Toothy Piranha,,Fish Scales,30%,,,,
Tortuga Archipelago,Chop-chop Piranha,,Fish Scales,30%,,,,
Tortuga Archipelago,Octoshell,,Little Shell,30%,,,,
Tortuga Archipelago,Octoshell,,Pretty Coral,20%,,,,
Tortuga Archipelago,Bitey Shark,,,,,,,
Tortuga Archipelago,Island Shark,,,,Uncommon Spawn,,,
Tortuga Archipelago,Punching Palm,,Palm Nuts,20%,,,,
Tortuga Archipelago,Zombie Pirate,,Saltless Seawater,30%,,,,
Tortuga Archipelago,Zombie Pirate,,Sack of Copper,20%,,,,
Tortuga Archipelago,Spirit of Water,,Def. Upgrade Stone,15%,,,,
Tortuga Archipelago,Spirit of Water,,Water Mana,5%,,,,
Tortuga Archipelago,Angry Zombie,,Saltless Seawater,30%,,,,
Tortuga Archipelago,Angry Zombie,,Sack of Silver,20%,,,,
Tortuga Archipelago,Blizzard Bird,,Giant Claws,30%,,,,
Tortuga Archipelago,Blizzard Bird,,Frosty Feather,20%,,,,
Tortuga Archipelago,Blizzard Bird,,Blizzard Egg,10%,,,,
Tortuga Archipelago,Electro Jellyfish,,Moon Cluster,30%,Night Only,,,
Tortuga Archipelago,Typhoon Bird,,Giant Claws,30%,,Hunter,DLC,
Tortuga Archipelago,Angry Zombie,Angry Zombie Bounty,Saltless Seawater,45%,,,,
Tortuga Archipelago,Angry Zombie,Angry Zombie Bounty,Sack of Silver,45%,,,,
Tortuga Archipelago,Angry Zombie,Angry Zombie Bounty,Silver Claymore,10%,,,,
Tortuga Archipelago,Angry Zombie,Angry Zombie Bounty,750 Dosh,,,,,
Tortuga Archipelago,Turtanic,Turtanic Bounty,Ancient Shell,45%,,,,
Tortuga Archipelago,Turtanic,Turtanic Bounty,Vivid Coral,45%,,,,
Tortuga Archipelago,Turtanic,Turtanic Bounty,Whirlpool Rod,10%,,,,
Tortuga Archipelago,Turtanic,Turtanic Bounty,1800 Dosh,,,,,
Tortuga Archipelago,Blizzard Bird,Blizzard Bird Bounty,Giant Claws,45%,,,,
Tortuga Archipelago,Blizzard Bird,Blizzard Bird Bounty,Frosty Feather,50%,,,,
Tortuga Archipelago,Blizzard Bird,Blizzard Bird Bounty,Industry Needle,5%,,,,
Tortuga Archipelago,Blizzard Bird,Blizzard Bird Bounty,3300 Dosh,,,,,
Tortuga Archipelago,Typhoon Bird,Wicked Bird Feather,0,None%,,Hunter,DLC,
Tortuga Archipelago,Typhoon Bird,Wicked Bird Feather,100,None%,,Hunter,DLC,
Tortuga Archipelago,Typhoon Bird,Wicked Bird Feather,35000 Dosh,,,Hunter,DLC,
Nautilus Cave,Black Octoshell,,Rainbow Shell,30%,,,,
Nautilus Cave,Black Octoshell,,Glittering Coral,20%,,,,
Nautilus Cave,Octoshell Knight,,Durable Shell,30%,,,,
Nautilus Cave,Octoshell Knight,,Stunning Coral,20%,,,,
Nautilus Cave,Cave Catterpillo,,Marine Thread,30%,,,,
Nautilus Cave,Dark Bat,,,,,,,
Nautilus Cave,Crocturtle,,Timeworn Shell,30%,,,,
Nautilus Cave,Pickaxed Golem,,Bronze Pickaxe,50%,,,,
Nautilus Cave,Pickaxed Golem,,Iron Pickaxe,20%,,,,
Nautilus Cave,Pickaxed Golem,,Silver Pickaxe,10%,,,,
Nautilus Cave,Pickaxed Golem,,Water Shard,10%,,,,
Nautilus Cave,Rocksalt Golem,,Port Puerto Silver,30%,,,,
Nautilus Cave,Rocksalt Golem,,Amethyst,5%,,,,
Nautilus Cave,Undead Deckhand,,Rejuvenating Berries,30%,,Cook,DLC,
Nautilus Cave,Undead Captain,,Ghost Meat,100%,,Cook,DLC,
Nautilus Cave,Rowdy Zombie,,Saltless Seawater,30%,,Cook,DLC,
Nautilus Cave,Rowdy Zombie,,Sack of Gold,20%,,,,
Nautilus Cave,Rowdy Zombie,,Horror String,10%,,,,
Nautilus Cave,Crocturtle,Crocturtle Bounty,Timeworn Shell,90%,,,,
Nautilus Cave,Crocturtle,Crocturtle Bounty,Silver Shield,10%,,,,
Nautilus Cave,Crocturtle,Crocturtle Bounty,750 Dosh,,,,,
Nautilus Cave,Pickaxed Golem,Pickaxed Golem Bounty,Bronze Pickaxe,60%,,,,
Nautilus Cave,Pickaxed Golem,Pickaxed Golem Bounty,Iron Pickaxe,35%,,,,
Nautilus Cave,Pickaxed Golem,Pickaxed Golem Bounty,Silver Pickaxe,5%,,,,
Nautilus Cave,Pickaxed Golem,Pickaxed Golem Bounty,1200 Dosh,,,,,
Nautilus Cave,Rocksalt Golem,Rocksalt Golem Bounty,Port Puerto Silver,95%,,,,
Nautilus Cave,Rocksalt Golem,Rocksalt Golem Bounty,Salt,5%,,,,
Nautilus Cave,Rocksalt Golem,Rocksalt Golem Bounty,1100 Dosh,,,,,
Deepsea Cave,Spiked Jellyfish,,,,,,,
Deepsea Cave,Jelling,,Blue Gel,30%,,,,
Deepsea Cave,Great Serpent,,Snake Scales,30%,,,,
Deepsea Cave,Jellking,,King Gel,30%,,,,
Deepsea Cave,Sea Wraith,,Giant Fang,30%,,,,
Deepsea Cave,Wicked Jaws,,Saltless Seawater,30%,,Angler,DLC,
Deepsea Cave,Wicked Jaws,,Demon Shark Fin,10%,,,,
Deepsea Cave,Great Serpent,Great Serpent Bounty,Snake Scales,90%,,,,
Deepsea Cave,Great Serpent,Great Serpent Bounty,Azure Rose,10%,,,,
Deepsea Cave,Great Serpent,Great Serpent Bounty,1200 Dosh,,,,,
Deepsea Cave,Jellking,Jellking Bounty,King Gel,90%,,,,
Deepsea Cave,Jellking,Jellking Bounty,Rose Shield,10%,,,,
Deepsea Cave,Jellking,Jellking Bounty,1600 Dosh,,,,,
Deepsea Cave,Sea Wraith,Sea Wraith Bounty,Giant Fang,90%,,,,
Deepsea Cave,Sea Wraith,Sea Wraith Bounty,Aqua Robe,10%,,,,
Deepsea Cave,Sea Wraith,Sea Wraith Bounty,4500 Dosh,,,,,
Desertward Ravine,Jackal,,Beast Hide,30%,,,,
Desertward Ravine,Gemzard,,Emerald,30%,Uncommon Spawn,,,
Desertward Ravine,Gemzard,,Little Tail,20%,Uncommon Spawn,,,
Desertward Ravine,Killer Horn,,Black Goat Fleece,30%,,,,
Desertward Ravine,Killer Horn,,Golden Sheep Fleece,15%,,,,
Desertward Ravine,Killer Horn,Killer Horn Bounty,Black Goat Fleece,45%,,,,
Desertward Ravine,Killer Horn,Killer Horn Bounty,Golden Sheep Fleece,45%,,,,
Desertward Ravine,Killer Horn,Killer Horn Bounty,Gold Claymore,10%,,,,
Desertward Ravine,Killer Horn,Killer Horn Bounty,1200 Dosh,,,,,
Aridian Desert,Angry Cacto,,Sugar Nuts,30%,,,,
Aridian Desert,Angry Cacto,,Green Cactus,20%,,,,
Aridian Desert,Killer Bee,,Sugar Nuts,30%,,,,
Aridian Desert,Outlaw,,Sack of Copper,30%,,,,
Aridian Desert,Outlaw Leader,,Sack of Silver,30%,,,,
Aridian Desert,Burly Gorilla,,,,,,,
Aridian Desert,Armourdillo,,,,,,,
Aridian Desert,Pterodactyl,,Sharp Claws,30%,,,,
Aridian Desert,Pterodactyl,,Big Egg,20%,,,,
Aridian Desert,Spearhead Piranha,,Fish Scales,30%,,,,
Aridian Desert,Sandshark,,,,,,,
Aridian Desert,Sand Spider,,Flax Thread,30%,,,,
Aridian Desert,Sand Runner,,Royal Eggs,30%,,,,
Aridian Desert,Sand Runner,,Fire Shard,3%,,,,
Aridian Desert,Spirit of Wind,,Qualitine,15%,,,,
Aridian Desert,Spirit of Wind,,Wind Mana,5%,,,,
Aridian Desert,Gale Wraith,,Giant Fang,30%,Day Only,,,
Aridian Desert,Sand Golem,,Al Maajik Gold,30%,,,,
Aridian Desert,Sand Golem,,Sun Cluster,15%,,,,
Aridian Desert,Thunderbird,,Giant Claws,30%,,,,
Aridian Desert,Thunderbird,,Lightning Feather,20%,,,,
Aridian Desert,Thunderbird,,Thunder Egg,10%,,,,
Aridian Desert,Lord of the Dead,,Giant Horn,30%,Night Only,,,
Aridian Desert,Lord of the Dead,,Evil Shard,5%,Night Only,,,
Aridian Desert,Lord of the Cursed,,Giant Horn,30%,Night Only,Mercenary,DLC,
Aridian Desert,Lord of the Cursed,,Dino Meat,20%,Night Only,Mercenary,DLC,
Aridian Desert,Killer Bee,Killer Bee Bounty,Sugar Nuts,90%,,,,
Aridian Desert,Killer Bee,Killer Bee Bounty,Hornet Needle,10%,,,,
Aridian Desert,Killer Bee,Killer Bee Bounty,900 Dosh,,,,,
Aridian Desert,Outlaw Leader,Outlaw Leader Bounty,Sack of Silver,60%,,,,
Aridian Desert,Outlaw Leader,Outlaw Leader Bounty,Toy Camel,40%,,,,
Aridian Desert,Outlaw Leader,Outlaw Leader Bounty,800 Dosh,,,,,
Aridian Desert,Sand Golem,Sand Golem Bounty,Al Maajik Gold,90%,,,,
Aridian Desert,Sand Golem,Sand Golem Bounty,Gold Pickaxe,10%,,,,
Aridian Desert,Sand Golem,Sand Golem Bounty,1500 Dosh,,,,,
Aridian Desert,Gale Wraith,Gale Wraith Bounty,Giant Fang,90%,,,,
Aridian Desert,Gale Wraith,Gale Wraith Bounty,Wind Robe,10%,Day Only,,,
Aridian Desert,Gale Wraith,Gale Wraith Bounty,4200 Dosh,,Day Only,,,
Aridian Desert,Thunderbird,Thunderbird Bounty,Giant Claws,45%,,,,
Aridian Desert,Thunderbird,Thunderbird Bounty,Lightning Feather,45%,,,,
Aridian Desert,Thunderbird,Thunderbird Bounty,Bolt Flask,10%,,,,
Aridian Desert,Thunderbird,Thunderbird Bounty,3900 Dosh,,,,,
Aridian Desert,Lord of the Dead,Lord of the Dead Bounty,Giant Horn,95%,Night Only,,,
Aridian Desert,Lord of the Dead,Lord of the Dead Bounty,Demonic Void,5%,Night Only,,,
Aridian Desert,Lord of the Dead,Lord of the Dead Bounty,8000 Dosh,,Night Only,,,
Aridian Desert,Lord of the Cursed,Lord of the Cursed Bounty,Bone Dragon Horn,100%,Night Only,Mercenary,DLC,
Aridian Desert,Lord of the Cursed,Lord of the Cursed Bounty,40000 Dosh,,Night Only,Mercenary,DLC,
Cave of Bones,Skeleton,,Sack of Gold,15%,,,,
Cave of Bones,Skeleton,,Fossil Shard,5%,,,,
Cave of Bones,Gem Beetle Baller,,,,,,,
Cave of Bones,Hootlum,,Coal-Black Feather,30%,,,,
Subterranean Lake,Crimson Frog,,,,,,,
Subterranean Lake,Saw Shark,,,,,,,
Subterranean Lake,Toxic Jelling,,Purple Gel,30%,,,,
Subterranean Lake,Arachne,,Pink Silk Thread,30%,,,,
Subterranean Lake,Arachne,,Earth Shard,5%,,,,
Subterranean Lake,Ironstone Golem,,Al Maajik Gold,30%,,,,
Subterranean Lake,Ironstone Golem,,Sun Cluster,15%,,,,
Subterranean Lake,Nightmare Bat,,,,,,,
Subterranean Lake,Behemoth,,Giant Tail,30%,,,,
Subterranean Lake,Behemoth,,Monster Meat,20%,,,,
Subterranean Lake,Enchanted Golem,,Sorcery Orb,100%,,Alchemist,DLC,
Subterranean Lake,Ironstone Golem,Ironstone Golem Bounty,Al Maajik Gold,95%,,,,
Subterranean Lake,Ironstone Golem,Ironstone Golem Bounty,Mole Pickaxe,5%,,,,
Subterranean Lake,Ironstone Golem,Ironstone Golem Bounty,1800 Dosh,,,,,
Subterranean Lake,Behemoth,Behemoth Bounty,Giant Tail,95%,,,,
Subterranean Lake,Behemoth,Behemoth Bounty,Rockcrusher Hammer,5%,,,,
Subterranean Lake,Behemoth,Behemoth Bounty,5000 Dosh,,,,,
Ancient Ruins Path,Desert Spook,,Demonic Powder,30%,,,,
Ancient Ruins Path,Desert Tyrant,,Dino Meat,20%,,,,
Ancient Ruins Path,Desert Tyrant,,Giant Horn,10%,,,,
Ancient Ruins Path,Desert Spook,Desert Spook Bounty,Demonic Powder,90%,,,,
Ancient Ruins Path,Desert Spook,Desert Spook Bounty,Star Staff,10%,,,,
Ancient Ruins Path,Desert Spook,Desert Spook Bounty,1300 Dosh,,,,,
Ancient Ruins Path,Desert Tyrant,Desert Tyrant Bounty,Giant Horn,95%,,,,
Ancient Ruins Path,Desert Tyrant,Desert Tyrant Bounty,Arcana Blade,5%,,,,
Ancient Ruins Path,Desert Tyrant,Desert Tyrant Bounty,4500 Dosh,,,,,
Ancient Ruins,Batmon,,Suspicious Object,30%,,,,
Ancient Ruins,Chiromon,,Mysterious Object,30%,,,,
Ancient Ruins,Mummy,,Sack of Treasure,5%,,,,
Ancient Ruins,King Cobra,,Snake Scales,30%,,,,
Ancient Ruins,King Cobra,,Sack of Treasure,5%,,,,
Ancient Ruins,Desert Jelling,,Yellow Gel,30%,,,,
Ancient Ruins,Metal Jelling,,Black Gel,30%,Uncommon Spawn,,,
Ancient Ruins,Mimic,,Guardine,30%,,,,
Ancient Ruins,Wicked Box,,Focus Gem,30%,,,,
Ancient Ruins,Wicked Box,,Black Onyx,5%,,,,
Ancient Ruins,Moth Queen,,Criticaline,30%,,,,
Ancient Ruins,Flame Moth,,,,,,,
Ancient Ruins,Dark Spider,,,,,,,
Ancient Ruins,Vampire Bat,,Evil Wings,30%,,,,
Ancient Ruins,Killer Cacto,,Yellow Cactus,30%,,,,
Ancient Ruins,Gilded Golem,,Sack of Gold,50%,,,,
Ancient Ruins,Gilded Golem,,Sun Cluster,15%,,,,
Ancient Ruins,Big Spook,,Spiritual Powder,30%,,,,
Ancient Ruins,Calamitus,,Giant Fang,30%,,,,
Ancient Ruins,Calamitus,,Shadow Mana,5%,,,,
Ancient Ruins,Gigante,,Giant Tail,30%,,,,
Ancient Ruins,Gigante,,Monster Meat,20%,,,,
Ancient Ruins,Dragon Hatchling,,Star Cluster,20%,,,,
Ancient Ruins,Golden Dragon,,Giant Scale,30%,,,,
Ancient Ruins,Golden Dragon,,Dragon Meat,20%,,,,
Ancient Ruins,Big Spook,Big Spook Bounty,Spiritual Powder,90%,,,,
Ancient Ruins,Big Spook,Big Spook Bounty,Magic Mittens,10%,,,,
Ancient Ruins,Big Spook,Big Spook Bounty,2000 Dosh,,,,,
Ancient Ruins,King Cobra,King Cobra Bounty,Snake Scales,90%,,,,
Ancient Ruins,King Cobra,King Cobra Bounty,Maharaja Turban,10%,,,,
Ancient Ruins,King Cobra,King Cobra Bounty,1800 Dosh,,,,,
Ancient Ruins,Moth Queen,Moth Queen Bounty,Magic Powder,90%,,,,
Ancient Ruins,Moth Queen,Moth Queen Bounty,Magic Shoes,10%,,,,
Ancient Ruins,Moth Queen,Moth Queen Bounty,1900 Dosh,,,,,
Ancient Ruins,Gilded Golem,Gilded Golem Bounty,Sack of Gold,90%,,,,
Ancient Ruins,Gilded Golem,Gilded Golem Bounty,Ancient Pickaxe,10%,,,,
Ancient Ruins,Gilded Golem,Gilded Golem Bounty,2100 Dosh,,,,,
Ancient Ruins,Calamitus,Calamitus Bounty,Giant Fang,45%,,,,
Ancient Ruins,Calamitus,Calamitus Bounty,Shadow Mana,50%,,,,
Ancient Ruins,Calamitus,Calamitus Bounty,Bat Wing Staff,5%,,,,
Ancient Ruins,Calamitus,Calamitus Bounty,6900 Dosh,,,,,
Ancient Ruins,Gigante,Gigante Bounty,Giant Tail,95%,,,,
Ancient Ruins,Gigante,Gigante Bounty,Adventurer's Sword,5%,,,,
Ancient Ruins,Gigante,Gigante Bounty,8000 Dosh,,,,,
Ancient Ruins,Golden Dragon,Golden Dragon Bounty,Giant Scale,95%,,,,
Ancient Ruins,Golden Dragon,Golden Dragon Bounty,Dragon's Tail,5%,,,,
Ancient Ruins,Golden Dragon,Golden Dragon Bounty,7700 Dosh,,,,,
Cacto Cove,Cacto Green,,Cactus,30%,,,,
Cacto Cove,Flowering Cacto,,Pink Cactus,30%,,,,
Cacto Cove,Lovely Jelling,,Pink Gel,30%,Uncommon Spawn,,,
Cacto Cove,Starry Catterpillo,,Starry Thread,30%,Night Only,,,
Cacto Cove,Starry Catterpillo,,Star Cluster,30%,Night Only,,,
Cave of Shadows,Spirit of Darkness,,M. Def. Upgrade Stone,15%,,,,
Dark Void,Shadow Wolf,,,,,,,
Dark Void,Boss Shadow Wolf,,,,,,,
Dark Void,Shadow Shark,,,,,,,
Dark Void,Darkmon,,Curious Object,30%,,,,
Dark Void,Shadow Baby Dragon,,,,,,,
Dark Void,Shadow Bigbeak,,Curious Object,20%,,,,
Dark Void,Shadow Bigbeak,,Unknown Life Form,10%,,,,
Dark Void,Shadow Dragon,,Curious Object,20%,,,,
Dark Void,Shadow Dragon,,Unknown Life Form,10%,,,,
Dark Void,Shadowsaurus,,Curious Object,30%,,,,
Dark Void,Shadowsaurus,,Unknown Life Form,5%,,,,
Dark Void,Shadow Bigbeak,Shadow Bigbeak Bounty,Curious Object,60%,,,,
Dark Void,Shadow Bigbeak,Shadow Bigbeak Bounty,Unknown Life Form,35%,,,,
Dark Void,Shadow Bigbeak,Shadow Bigbeak Bounty,Foreign Frying Pan,5%,,,,
Dark Void,Shadow Bigbeak,Shadow Bigbeak Bounty,8000 Dosh,,,,,
Dark Void,Shadow Dragon,Shadow Dragon Bounty,Curious Object,60%,,,,
Dark Void,Shadow Dragon,Shadow Dragon Bounty,Unknown Life Form,35%,,,,
Dark Void,Shadow Dragon,Shadow Dragon Bounty,Inferno Armour,5%,,,,
Dark Void,Shadow Dragon,Shadow Dragon Bounty,10000 Dosh,,,,,
Dark Void,Shadowsaurus,Shadowsaurus Bounty,Curious Object,60%,,,,
Dark Void,Shadowsaurus,Shadowsaurus Bounty,Unknown Life Form,35%,,,,
Dark Void,Shadowsaurus,Shadowsaurus Bounty,Inferno Helm,5%,,,,
Dark Void,Shadowsaurus,Shadowsaurus Bounty,9000 Dosh,,,,,
Deep Elderwood,Sharp Weedling,,,,,,,
Deep Elderwood,Burrly Bramble,,Duffle,30%,,,,
Deep Elderwood,Burrly Bramble,,Truffle,5%,,,,
Deep Elderwood,Eyes of Darkness,,Snow-White Feather,30%,Night Only,,,
Deep Elderwood,Eyes of Darkness,,Moon Cluster,15%,Night Only,,,
Deep Elderwood,Forest Wraith,,Giant Fang,30%,,,,
Deep Elderwood,Killer Bear,,Plateau Honey,30%,,,,
Deep Elderwood,Killer Bear,,Monster Hide,30%,,,,
Deep Elderwood,Pumpkin Ghoul,,Pumpkin,30%,,Magician,DLC,
Deep Elderwood,Pumpkin Ghoul,,Pumpkin Buttons,10%,,Magician,DLC,
Deep Elderwood,Pumpcactin,,Pumpkin,30%,,Magician,DLC,
Deep Elderwood,Pumpcactin,,Pumpkin Buttons,10%,,Magician,DLC,
Deep Elderwood,Pumpking,,Pumpkin,30%,,Magician,DLC,
Deep Elderwood,Pumpking,,Giant Fang,20%,,Magician,DLC,
Deep Elderwood,Eyes of Darkness,Eyes of Darkness Bounty,Snow-White Feather,90%,Night Only,,,
Deep Elderwood,Eyes of Darkness,Eyes of Darkness Bounty,Black-Rimmed Glasses,10%,Night Only,,,
Deep Elderwood,Eyes of Darkness,Eyes of Darkness Bounty,1500 Dosh,,Night Only,,,
Deep Elderwood,Forest Wraith,Forest Wraith Bounty,Key Cutter,60%,,,,
Deep Elderwood,Forest Wraith,Forest Wraith Bounty,Giant Fang,35%,,,,
Deep Elderwood,Forest Wraith,Forest Wraith Bounty,Forest Wardrobe,5%,,,,
Deep Elderwood,Forest Wraith,Forest Wraith Bounty,5000 Dosh,,,,,
Deep Elderwood,Killer Bear,Killer Bear Bounty,Plateau Honey,90%,,,,
Deep Elderwood,Killer Bear,Killer Bear Bounty,Forest Lordfish,10%,,,,
Deep Elderwood,Killer Bear,Killer Bear Bounty,1800 Dosh,,,,,
Deep Elderwood,Pumpking,Pumpking Bounty,Magic Power Orb,100%,,Magician,DLC,
Deep Elderwood,Pumpking,Pumpking Bounty,30000 Dosh,,,Magician,DLC,
East Levitania,Pandamonium Island,,Honey,30%,,,,
East Levitania,Pandamonium Island,,Diamond,5%,,,,
East Levitania,Mantis,,,,,,,
East Levitania,Flower Mantis,,,,Uncommon Spawn,,,"It usually appears in the place of any Mantis enemy, and is easily recognisable because it is pink instead of the usual green."
East Levitania,Chimera,,Giant Tail,30%,,,,
East Levitania,Chimera,,Monster Meat,20%,,,,
East Levitania,Cloudy Spirit,,Cloud Cashmere,10%,Tailor Special Request,Tailor,DLC,
East Levitania,Cottonne Pastel,,Cotton,100%,,Tailor,DLC,
East Levitania,Chimera,Chimera Bounty,Giant Tail,95%,,,,
East Levitania,Chimera,Chimera Bounty,Flamberge,5%,,,,
East Levitania,Chimera,Chimera Bounty,6500 Dosh,,,,,
Central Levitania,Trihorn,,,,,,,
Central Levitania,Terror Weedling,,,,,,,
Central Levitania,Violent Violet,,,,,,,
Central Levitania,Brutal Blossom,,,,,,,
Central Levitania,Mothoon,,,,,,,
Central Levitania,Spirit of Light,,Energising Stone,15%,,,,
Central Levitania,Lightning Wraith,,Energising Stone,30%,,,,
Central Levitania,Lightning Wraith,,Light Mana,20%,,,,
Central Levitania,Lightning Wraith,Lightning Wraith Bounty,Energising Stone,45%,,,,
Central Levitania,Lightning Wraith,Lightning Wraith Bounty,Light Mana,50%,,,,
Central Levitania,Lightning Wraith,Lightning Wraith Bounty,Purrfection Staff,5%,,,,
Central Levitania,Lightning Wraith,Lightning Wraith Bounty,8800 Dosh,,,,,
West Levitania,Bunny Killer,,Monster Hide,30%,,,,
West Levitania,Banana King,,Jungle Banana,30%,,,,
West Levitania,Dinky Dragon,,Star Cluster,20%,,,,
West Levitania,Ferociousaurus,,Giant Horn,20%,,,,
West Levitania,Ferociousaurus,,Dino Meat,20%,,,,
West Levitania,Silver Dragon,,Giant Scale,30%,,,,
West Levitania,Silver Dragon,,Dragon Meat,20%,,,,
West Levitania,Ferociousaurus,Ferociousaurus Bounty,Giant Horn,95%,,,,
West Levitania,Ferociousaurus,Ferociousaurus Bounty,Ancient Saw,5%,,,,
West Levitania,Ferociousaurus,Ferociousaurus Bounty,6000 Dosh,,,,,
West Levitania,Silver Dragon,Silver Dragon Bounty,Giant Scale,95%,,,,
West Levitania,Silver Dragon,Silver Dragon Bounty,Wyvern's Breath,5%,,,,
West Levitania,Silver Dragon,Silver Dragon Bounty,6600 Dosh,,,,,
Central Grassland,Angelic Bunny,,Golden Droppings,30%,,,DLC,
Central Grassland,Elder Horn,,Sparkling Goat Fleece,30%,,,DLC,
Central Grassland,Sagely Carroty,,Hermit Carrot,30%,,,DLC,
Central Grassland,Whisker Worm,,Rainbow Thread,30%,,,DLC,
Central Grassland,Godbee,,Remote Island Honey,30%,,,DLC,
Central Grassland,Bowtaur,,Vile Claws,30%,,,DLC,
Central Grassland,Stone Giant,,Ancient Flower,30%,,,DLC,
Central Grassland,Stone Giant,,Ancient Stone,10%,,,DLC,
Central Grassland,Sagely Carrotella,,Heavenly Asparagus,100%,,,DLC,
Central Grassland,Rainbow Spirit,,Rainbow Mana,30%,Day Only,,DLC,
Central Grassland,Rainbow Wraith,,Rainbow Mana +,30%,Day Only,,DLC,
Central Grassland,Rainbow Wraith,,Element Zero,5%,Day Only,,DLC,
Central Grassland,Dark Wisp,,Spiritual Powder,30%,Night Only,,DLC,
Central Grassland,Darkzine,,Spiritual Powder,30%,Night Only,,DLC,
Central Grassland,Darkzine,,Shadow Mana,10%,Night Only,,DLC,
Central Grassland,Sagely Carrotella,Sagely Carrotella Bounty,Golden Apple,100%,,,DLC,
Central Grassland,Sagely Carrotella,Sagely Carrotella Bounty,2000 Dosh,,,,DLC,
Central Grassland,Rainbow Wraith,Rainbow Wraith Bounty,Element Zero,100%,Day Only,,DLC,
Central Grassland,Rainbow Wraith,Rainbow Wraith Bounty,10000 Dosh,,Day Only,,DLC,
Central Grassland,Darkzine,Darkzine Bounty,Other-Worldly Powder,100%,Night Only,,DLC,
Central Grassland,Darkzine,Darkzine Bounty,2800 Dosh,,Night Only,,DLC,
Forest Shrine,Hot Spring Jelling,,White Gel,30%,,,DLC,
Forest Shrine,Hot Spring Jelling,,Marshmallow Nuts,5%,,,DLC,
Forest Shrine,Hot Spring Jelling,,Wasabi,5%,,,DLC,
Forest Shrine,Wind Wisp,,Wind Mana +,20%,,,DLC,
Forest Shrine,Tribal Tyke,,Hot Spring Water,30%,,,DLC,
Forest Shrine,Tribal Tyke,,Divine Pods,10%,,,DLC,
Forest Shrine,Tribal Tyke,,Divine Buttons,10%,,,DLC,
Forest Shrine,Ancient Dragon,,Divine Beast Skin,30%,,,DLC,
Forest Shrine,Ancient Dragon,,Ancient Dragon's Scale,20%,,,DLC,
Forest Shrine,Strongtaur,,Cruel Fang,30%,,,DLC,
Forest Shrine,Strongtaur,,Exquisite Feather,20%,,,DLC,
Forest Shrine,Gustine,,Wind Mana +,20%,Night Only,,DLC,
Forest Shrine,Gustine,,Light Mana,5%,Night Only,,DLC,
Forest Shrine,Ancient Dragon,Ancient Dragon Bounty,Ancient Dragon's Scale,100%,,,DLC,
Forest Shrine,Ancient Dragon,Ancient Dragon Bounty,15000 Dosh,,,,DLC,
Forest Shrine,Strongtaur,Strongtaur Bounty,Exquisite Feather,100%,,,DLC,
Forest Shrine,Strongtaur,Strongtaur Bounty,3000 Dosh,,,,DLC,
Forest Shrine,Gustine,Gustine Bounty,Other-Worldly Powder,100%,Night Only,,DLC,
Forest Shrine,Gustine,Gustine Bounty,2800 Dosh,,Night Only,,DLC,
Penguin Beach,Penguin Groom,,Ancient Seashell,30%,,,DLC,
Penguin Beach,Penguin Groom,,Penguin Eggs,5%,,,DLC,
Penguin Beach,Penguin Bride,,Ancient Seashell,30%,,,DLC,
Penguin Beach,Marinetaur,,Sack of Treasure,10%,,,DLC,
Penguin Beach,Marinetaur,,Sack of Secret Treasure,5%,,,DLC,
Penguin Beach,Sea Horse,,Gigaga Water,30%,,,DLC,
Penguin Beach,Sea Horse,,Ancient Coral,20%,,,DLC,
Penguin Beach,Island Crab,,Crab Shell,30%,,,DLC,
Penguin Beach,Giant Crab,,Black Crab Shell,30%,,,DLC,
Penguin Beach,Heaven Bird,,Divine Bird's Feather,30%,,,DLC,
Penguin Beach,Heaven Bird,,Golden Egg,10%,,,DLC,
Penguin Beach,Sea Mare,,Ancient Coral,30%,,,DLC,
Penguin Beach,Sea Mare,,Divine Ribbon,20%,,,DLC,
Penguin Beach,Aqua Wisp,,Water Mana +,20%,Night Only,,DLC,
Penguin Beach,Aquazine,,Water Mana +,20%,Night Only,,DLC,
Penguin Beach,Aquazine,,Light Mana,5%,Night Only,,DLC,
Penguin Beach,Giant Crab,Giant Crab Bounty,Black Crab Shell,100%,,,DLC,
Penguin Beach,Giant Crab,Giant Crab Bounty,3000 Dosh,,,,DLC,
Penguin Beach,Sea Mare,Sea Mare Bounty,Divine Ribbon,100%,,,DLC,
Penguin Beach,Sea Mare,Sea Mare Bounty,2500 Dosh,,,,DLC,
Penguin Beach,Aquazine,Aquazine Bounty,Other-Worldly Powder,100%,Night Only,,DLC,
Penguin Beach,Aquazine,Aquazine Bounty,2800 Dosh,,Night Only,,DLC,
Penguin Beach,Heaven Bird,Heaven Bird Bounty,Divine Bird's Feather,100%,,,DLC,
Penguin Beach,Heaven Bird,Heaven Bird Bounty,12000 Dosh,,,,DLC,
Rocky Hill Shrine,Leafysaurus,,Ancient Tail,30%,,,DLC,
Rocky Hill Shrine,Greywing Pterosaur,,Ancient Fang,30%,,,DLC,
Rocky Hill Shrine,Flame Wisp,,Fire Mana +,20%,,,DLC,
Rocky Hill Shrine,Gigataur,,Wild Beast Meat,30%,,,DLC,
Rocky Hill Shrine,Gigataur,,Cruel Fang,20%,,,DLC,
Rocky Hill Shrine,Hell Gigante,,Giant Beast Meat,30%,,,DLC,
Rocky Hill Shrine,Hell Gigante,,Giant Beast's Horn,20%,,,DLC,
Rocky Hill Shrine,Blazine,,Fire Mana +,20%,Night Only,,DLC,
Rocky Hill Shrine,Blazine,,Light Mana,5%,Night Only,,DLC,
Rocky Hill Shrine,Hell Gigante,Hell Gigante Bounty,Giant Beast's Horn,100%,,,DLC,
Rocky Hill Shrine,Hell Gigante,Hell Gigante Bounty,13000 Dosh,,,,DLC,
Rocky Hill Shrine,Blazine,Blazine Bounty,Other-Worldly Powder,100%,Night Only,,DLC,
Rocky Hill Shrine,Blazine,Blazine Bounty,2800 Dosh,,Night Only,,DLC,
Trial of Time,Berserk Giant,,Berserk Stone,30%,,,DLC,
Trial of Time,Antiquesaurus,,Giant Beast Meat,30%,,,DLC,
Trial of Time,Dark Giant,,Berserk Stone,30%,,,DLC,
Trial of Time,Dark Giant,,Berserk Stone +,20%,,,DLC,
Trial of Time,Deadly Medusa,,Spell Stone,30%,,,DLC,
Trial of Time,Deadly Medusa,,Spell Stone +,5%,,,DLC,
Trial of Time,Giant Mimic,,Ancient Stone +,30%,,,DLC,
Trial of Time,Grand Marinetaur,,Sack of Secret Treasure,30%,,,DLC,
Trial of Time,Grand Marinetaur,,Goddess's Carp,10%,,,DLC,
Trial of Time,Medusa,,Cursed Tail,30%,,,DLC,
Trial of Time,Killertaur,,Wild Beast Meat,30%,,,DLC,
Trial of Time,Killertaur,,Mad Beast's Fang,20%,,,DLC,
Trial of Time,Antiquesaurus,Antiquesaurus Bounty,Mystical Sapphire,100%,,,DLC,
Trial of Time,Antiquesaurus,Antiquesaurus Bounty,4000 Dosh,,,,DLC,
Trial of Time,Dark Giant,Dark Giant Bounty,Berserk Stone +,100%,,,DLC,
Trial of Time,Dark Giant,Dark Giant Bounty,5200 Dosh,,,,DLC,
Trial of Time,Deadly Medusa,Deadly Medusa Bounty,Ancient Orb,100%,,,DLC,
Trial of Time,Deadly Medusa,Deadly Medusa Bounty,4800 Dosh,,,,DLC,
Trial of Time,Giant Mimic,Giant Mimic Bounty,Ancient Emerald,100%,,,DLC,
Trial of Time,Giant Mimic,Giant Mimic Bounty,3800 Dosh,,,,DLC,
Trial of Time,Grand Marinetaur,Grand Marinetaur Bounty,Galaxy Apple,100%,,,DLC,
Trial of Time,Grand Marinetaur,Grand Marinetaur Bounty,3800 Dosh,,,,DLC,
Trial of Time,Medusa,Medusa Bounty,Spell Stone,100%,,,DLC,
Trial of Time,Medusa,Medusa Bounty,3600 Dosh,,,,DLC,
Trial of Time,Killertaur,Killertaur Bounty,Mad Beast's Fang,100%,,,DLC,
Trial of Time,Killertaur,Killertaur Bounty,20000 Dosh,,,,DLC,
Trial of Darkness,Gargoyle,,Ancient Flower,30%,,,DLC,
Trial of Darkness,Gargoyle,,Ancient Stone,10%,,,DLC,
Trial of Darkness,Bloodmon,,Curious Object,30%,,,DLC,
Trial of Darkness,Bloodmon,,Unknown Life Form,5%,,,DLC,
Trial of Darkness,Shadow Protector,,Divine Pods,30%,,,DLC,
Trial of Darkness,Shadow Protector,,Divine Buttons,10%,,,DLC,
Trial of Darkness,Shadow Protector,,Shadow Mana,10%,,,DLC,
Trial of Darkness,Shadow Gargoyle,,Vile Claws,30%,,,DLC,
Trial of Darkness,Shadow Gargoyle,,Other-Worldly Leaf,20%,,,DLC,
Trial of Darkness,Demon Master,,Evil Claws,30%,,,DLC,
Trial of Darkness,Demon Master,,Mysterious Artefact,20%,,,DLC,
Trial of Darkness,Bloodmon,Bloodmon Bounty,Unknown Life Form,100%,,,DLC,
Trial of Darkness,Bloodmon,Bloodmon Bounty,3500 Dosh,,,,DLC,
Trial of Darkness,Shadow Gargoyle,Shadow Gargoyle Bounty,Other-Worldly Leaf,100%,,,DLC,
Trial of Darkness,Shadow Gargoyle,Shadow Gargoyle Bounty,5000 Dosh,,,,DLC,
Trial of Darkness,Demon Master,Demon Master Bounty,Mysterious Artefact,100%,,,DLC,
Trial of Darkness,Demon Master,Demon Master Bounty,30000 Dosh,,,,DLC,
Trial of Light,Divine Mimic,,Sack of Secret Treasure,30%,,,DLC,
Trial of Light,Divine Mimic,,Divine Powder,20%,,,DLC,
Trial of Light,Crabby Knight,,Crab Shell,30%,,,DLC,
Trial of Light,Crabby Knight,,Crab Claw,20%,,,DLC,
Trial of Light,Iron Guardian,,Soul Stone,30%,,,DLC,
Trial of Light,Dark Guardian,,Soul Stone,30%,,,DLC,
Trial of Light,Dark Guardian,,Lifeforce Cluster,10%,,,DLC,
Trial of Light,Crabby Paladin,,Crab Claw,30%,,,DLC,
Trial of Light,Crabby Paladin,,Crab Shell,20%,,,DLC,
Trial of Light,Divine Guardian,,Soul Stone,30%,,,DLC,
Trial of Light,Divine Guardian,,Lifeforce Cluster,20%,,,DLC,
Trial of Light,Heavy Guardian,,Soul Stone,30%,,,DLC,
Trial of Light,Heavy Guardian,,Protection Stone,20%,,,DLC,
Trial of Light,Jellqueen,,Queen Gel,30%,,,DLC,
Trial of Light,Aqualion,,Mythical Meat,30%,,,DLC,
Trial of Light,Aqualion,,Mythical Beast's Scales,10%,,,DLC,
Trial of Light,Blazilion,,Mythical Meat,30%,,,DLC,
Trial of Light,Blazilion,,Mythical Beast's Scales,10%,,,DLC,
Trial of Light,Gustilion,,Mythical Meat,30%,,,DLC,
Trial of Light,Gustilion,,Mythical Beast's Scales,10%,,,DLC,
Trial of Light,Crystal Dragon,,Crystal Scale,30%,,,DLC,
Trial of Light,Crystal Dragon,,Star Diamond,20%,,,DLC,
Trial of Light,Crabby Paladin,Crabby Paladin Bounty,Prism Jewel,100%,,,DLC,
Trial of Light,Crabby Paladin,Crabby Paladin Bounty,4800 Dosh,,,,DLC,
Trial of Light,Divine Guardian,Divine Guardian Bounty,Soul Stone +,100%,,,DLC,
Trial of Light,Divine Guardian,Divine Guardian Bounty,5500 Dosh,,,,DLC,
Trial of Light,Heavy Guardian,Heavy Guardian Bounty,Protection Stone +,100%,,,DLC,
Trial of Light,Heavy Guardian,Heavy Guardian Bounty,6200 Dosh,,,,DLC,
Trial of Light,Jellqueen,Jellqueen Bounty,Queen Gel,100%,,,DLC,
Trial of Light,Jellqueen,Jellqueen Bounty,6000 Dosh,,,,DLC,
Trial of Light,Aqualion,Aqualion Bounty,Mythical Beast's Scales,100%,,,DLC,
Trial of Light,Aqualion,Aqualion Bounty,6500 Dosh,,,,DLC,
Trial of Light,Blazilion,Blazilion Bounty,Mythical Beast's Scales,100%,,,DLC,
Trial of Light,Blazilion,Blazilion Bounty,6500 Dosh,,,,DLC,
Trial of Light,Gustilion,Gustilion Bounty,Mythical Beast's Scales,100%,,,DLC,
Trial of Light,Gustilion,Gustilion Bounty,6500 Dosh,,,,DLC,
Trial of Light,Crystal Dragon,Crystal Dragon Bounty,Star Diamond,100%,,,DLC,
Trial of Light,Crystal Dragon,Crystal Dragon Bounty,40000 Dosh,,,,DLC,
